Time (sec),Preproc Start Time (ns),Preproc End Time (ns),Preproc Time Elapsed (ms),Class Start Time (ns),Class SEnd Time (ns),Class STime Elapsed (ms),Result,,Total Proc Time (ms),Avg Proc Time (ms),,Num,Classifications Per Second,Avg Class per Sec,,Total Classifications
0,1.64E+14,1.64E+14,309.5602912,,1.64E+14,218.772522,daisy,,528.3328132,298.8536953,,0,1,2.873754153,,865
1,1.64E+14,1.64E+14,246.9647652,,1.64E+14,68.340684,daisy,,315.3054492,,,1,2,,,
1,1.64E+14,1.64E+14,246.1450762,,1.64E+14,69.649955,daisy,,315.7950312,,,2,3,,,True Positives
2,1.64E+14,1.64E+14,247.5453382,,1.64E+14,66.520007,roses,,314.0653452,,,3,3,,,806
2,1.64E+14,1.64E+14,246.3434116,,1.64E+14,72.403184,roses,,318.7465956,,,4,4,,,
2,1.64E+14,1.64E+14,281.0730492,,1.64E+14,74.945268,roses,,356.0183172,,,5,3,,,False Negatives
3,1.64E+14,1.64E+14,252.4086192,,1.64E+14,73.646935,daisy,,326.0555542,,,6,3,,,59
3,1.64E+14,1.64E+14,201.4405932,,1.64E+14,69.080163,daisy,,270.5207562,,,7,3,,,
3,1.64E+14,1.64E+14,192.6317382,,1.64E+14,68.6336,roses,,261.2653382,,,8,3,,,Recall
4,1.64E+14,1.64E+14,192.5935612,,1.64E+14,56.007245,roses,,248.6008062,,,9,3,,,0.931791908
4,1.64E+14,1.64E+14,200.3373632,,1.64E+14,67.371829,roses,,267.7091922,,,10,3,,,
4,1.64E+14,1.64E+14,193.6702282,,1.64E+14,61.144434,daisy,,254.8146622,,,11,3,,,
4,1.64E+14,1.64E+14,204.0924162,,1.64E+14,60.241048,roses,,264.3334642,,,12,3,,,
5,1.65E+14,1.65E+14,201.3555412,,1.65E+14,65.231569,roses,,266.5871102,,,13,3,,,
5,1.65E+14,1.65E+14,205.8478852,,1.65E+14,57.622662,roses,,263.4705472,,,14,3,,,
5,1.65E+14,1.65E+14,208.2799162,,1.65E+14,56.093235,daisy,,264.3731512,,,15,3,,,
6,1.65E+14,1.65E+14,201.7076252,,1.65E+14,64.791777,daisy,,266.4994022,,,16,3,,,
6,1.65E+14,1.65E+14,202.6160116,,1.65E+14,56.515682,roses,,259.1316936,,,17,3,,,
6,1.65E+14,1.65E+14,204.4091352,,1.65E+14,62.708495,roses,,267.1176302,,,18,3,,,
7,1.65E+14,1.65E+14,203.2117912,,1.65E+14,63.568339,roses,,266.7801302,,,19,3,,,
7,1.65E+14,1.65E+14,208.5028332,,1.65E+14,58.849172,roses,,267.3520052,,,20,3,,,
7,1.65E+14,1.65E+14,206.2525216,,1.65E+14,56.33537,roses,,262.5878916,,,21,3,,,
8,1.65E+14,1.65E+14,203.6583012,,1.65E+14,86.790113,roses,,290.4484142,,,22,3,,,
8,1.65E+14,1.65E+14,205.9480942,,1.65E+14,65.528913,roses,,271.4770072,,,23,3,,,
8,1.65E+14,1.65E+14,207.5768442,,1.65E+14,59.738444,roses,,267.3152882,,,24,3,,,
9,1.65E+14,1.65E+14,205.7911142,,1.65E+14,56.418182,roses,,262.2092962,,,25,3,,,
9,1.65E+14,1.65E+14,205.4291872,,1.65E+14,59.41037,roses,,264.8395572,,,26,3,,,
9,1.65E+14,1.65E+14,207.8877812,,1.65E+14,53.740214,roses,,261.6279952,,,27,3,,,
10,1.65E+14,1.65E+14,207.2763232,,1.65E+14,56.499328,daisy,,263.7756512,,,28,3,,,
10,1.65E+14,1.65E+14,206.4827292,,1.65E+14,58.99511,roses,,265.4778392,,,29,3,,,
10,1.65E+14,1.65E+14,204.9040312,,1.65E+14,62.526361,daisy,,267.4303922,,,30,3,,,
11,1.65E+14,1.65E+14,208.1321042,,1.65E+14,64.723496,daisy,,272.8556002,,,31,3,,,
11,1.65E+14,1.65E+14,206.9658542,,1.65E+14,61.34209,daisy,,268.3079442,,,32,3,,,
11,1.65E+14,1.65E+14,203.7272616,,1.65E+14,63.577923,daisy,,267.3051846,,,33,3,,,
12,1.65E+14,1.65E+14,200.5422616,,1.65E+14,56.291881,daisy,,256.8341426,,,34,3,,,
12,1.65E+14,1.65E+14,199.1672072,,1.65E+14,55.631776,roses,,254.7989832,,,35,3,,,
12,1.65E+14,1.65E+14,195.6836652,,1.65E+14,59.946569,roses,,255.6302342,,,36,3,,,
13,1.65E+14,1.65E+14,201.6460612,,1.65E+14,62.347142,roses,,263.9932032,,,37,3,,,
13,1.65E+14,1.65E+14,198.2573642,,1.65E+14,59.268964,roses,,257.5263282,,,38,4,,,
13,1.65E+14,1.65E+14,199.5436662,,1.65E+14,63.89386,daisy,,263.4375262,,,39,3,,,
14,1.65E+14,1.65E+14,206.3694482,,1.65E+14,56.620422,roses,,262.9898702,,,40,3,,,
14,1.65E+14,1.65E+14,205.0544482,,1.65E+14,64.41683,roses,,269.4712782,,,41,3,,,
14,1.65E+14,1.65E+14,198.7384062,,1.65E+14,56.840787,roses,,255.5791932,,,42,3,,,
15,1.65E+14,1.65E+14,202.9259582,,1.65E+14,65.414486,roses,,268.3404442,,,43,3,,,
15,1.65E+14,1.65E+14,205.4517416,,1.65E+14,54.361359,roses,,259.8131006,,,44,4,,,
15,1.65E+14,1.65E+14,207.7149162,,1.65E+14,63.933652,daisy,,271.6485682,,,45,3,,,
16,1.65E+14,1.65E+14,213.2480942,,1.65E+14,56.249589,roses,,269.4976832,,,46,3,,,
16,1.65E+14,1.65E+14,204.7794482,,1.65E+14,61.105943,roses,,265.8853912,,,47,3,,,
16,1.65E+14,1.65E+14,206.0795522,,1.65E+14,59.125735,daisy,,265.2052872,,,48,3,,,
17,1.65E+14,1.65E+14,205.9112712,,1.65E+14,63.200162,daisy,,269.1114332,,,49,3,,,
17,1.65E+14,1.65E+14,206.2588232,,1.65E+14,54.97287,daisy,,261.2316932,,,50,3,,,
17,1.65E+14,1.65E+14,211.7886672,,1.65E+14,54.37214,daisy,,266.1608072,,,51,3,,,
18,1.65E+14,1.65E+14,205.6852812,,1.65E+14,65.332246,daisy,,271.0175272,,,52,3,,,
18,1.65E+14,1.65E+14,205.7148122,,1.65E+14,60.966568,roses,,266.6813802,,,53,3,,,
18,1.65E+14,1.65E+14,205.1493952,,1.65E+14,67.334486,daisy,,272.4838812,,,54,3,,,
19,1.65E+14,1.65E+14,208.2327822,,1.65E+14,62.281464,daisy,,270.5142462,,,55,3,,,
19,1.65E+14,1.65E+14,202.9957516,,1.65E+14,59.287975,daisy,,262.2837266,,,56,3,,,
19,1.65E+14,1.65E+14,206.3502292,,1.65E+14,55.794537,daisy,,262.1447662,,,57,3,,,
20,1.65E+14,1.65E+14,207.6308542,,1.65E+14,58.870214,daisy,,266.5010682,,,58,3,,,
20,1.65E+14,1.65E+14,205.9687182,,1.65E+14,61.272559,daisy,,267.2412772,,,59,3,,,
20,1.65E+14,1.65E+14,206.2350732,,1.65E+14,61.703705,daisy,,267.9387782,,,60,3,,,
21,1.65E+14,1.65E+14,209.3587192,,1.65E+14,64.312506,daisy,,273.6712252,,,61,3,,,
21,1.65E+14,1.65E+14,204.5133012,,1.65E+14,57.995735,roses,,262.5090362,,,62,3,,,
21,1.65E+14,1.65E+14,207.9401252,,1.65E+14,53.102193,daisy,,261.0423182,,,63,3,,,
22,1.65E+14,1.65E+14,205.4933542,,1.65E+14,59.813548,daisy,,265.3069022,,,64,3,,,
22,1.65E+14,1.65E+14,206.3908542,,1.65E+14,58.684172,roses,,265.0750262,,,65,3,,,
22,1.65E+14,1.65E+14,207.5955422,,1.65E+14,62.149746,daisy,,269.7452882,,,66,3,,,
23,1.65E+14,1.65E+14,209.6796042,,1.65E+14,57.761933,daisy,,267.4415372,,,67,3,,,
23,1.65E+14,1.65E+14,203.6496032,,1.65E+14,61.177141,roses,,264.8267442,,,68,3,,,
23,1.65E+14,1.65E+14,209.5263232,,1.65E+14,56.054641,roses,,265.5809642,,,69,3,,,
24,1.65E+14,1.65E+14,207.4381982,,1.65E+14,60.144902,daisy,,267.5831002,,,70,3,,,
24,1.65E+14,1.65E+14,204.2369482,,1.65E+14,65.134694,daisy,,269.3716422,,,71,3,,,
24,1.65E+14,1.65E+14,206.4173642,,1.65E+14,63.669538,daisy,,270.0869022,,,72,3,,,
25,1.65E+14,1.65E+14,202.3298122,,1.65E+14,58.323651,daisy,,260.6534632,,,73,3,,,
25,1.65E+14,1.65E+14,210.8150212,,1.65E+14,55.115995,daisy,,265.9310162,,,74,3,,,
25,1.65E+14,1.65E+14,210.5030422,,1.65E+14,62.7011,roses,,273.2041422,,,75,3,,,
26,1.65E+14,1.65E+14,202.9624162,,1.65E+14,56.058338,daisy,,259.0207542,,,76,3,,,
26,1.65E+14,1.65E+14,206.1971562,,1.65E+14,62.460892,daisy,,268.6580482,,,77,3,,,
26,1.65E+14,1.65E+14,205.3662712,,1.65E+14,66.522871,daisy,,271.8891422,,,78,3,,,
27,1.65E+14,1.65E+14,203.1951242,,1.65E+14,59.026881,daisy,,262.2220052,,,79,3,,,
27,1.65E+14,1.65E+14,202.4456452,,1.65E+14,65.377246,daisy,,267.8228912,,,80,3,,,
27,1.65E+14,1.65E+14,212.2783032,,1.65E+14,58.062505,roses,,270.3408082,,,81,3,,,
28,1.65E+14,1.65E+14,206.9570522,,1.65E+14,54.380006,daisy,,261.3370582,,,82,3,,,
28,1.65E+14,1.65E+14,207.1487712,,1.65E+14,55.09787,daisy,,262.2466412,,,83,3,,,
28,1.65E+14,1.65E+14,210.1599172,,1.65E+14,65.233653,daisy,,275.3935702,,,84,3,,,
29,1.65E+14,1.65E+14,199.5451762,,1.65E+14,64.172819,daisy,,263.7179952,,,85,3,,,
29,1.65E+14,1.65E+14,191.9465316,,1.65E+14,56.087558,daisy,,248.0340896,,,86,3,,,
29,1.65E+14,1.65E+14,204.4757492,,1.65E+14,52.599797,daisy,,257.0755462,,,87,3,,,
30,1.65E+14,1.65E+14,207.6706462,,1.65E+14,58.754016,daisy,,266.4246622,,,88,3,,,
30,1.65E+14,1.65E+14,208.1339272,,1.65E+14,61.531621,roses,,269.6655482,,,89,3,,,
30,1.65E+14,1.65E+14,208.2565312,,1.65E+14,53.018807,daisy,,261.2753382,,,90,3,,,
31,1.65E+14,1.65E+14,205.9902292,,1.65E+14,62.552975,daisy,,268.5432042,,,91,3,,,
31,1.65E+14,1.65E+14,214.1731472,,1.65E+14,56.315006,daisy,,270.4881532,,,92,3,,,
31,1.65E+14,1.65E+14,208.7307516,,1.65E+14,55.755943,roses,,264.4866946,,,93,3,,,
32,1.65E+14,1.65E+14,206.1135116,,1.65E+14,62.029642,roses,,268.1431536,,,94,3,,,
32,1.65E+14,1.65E+14,206.5139262,,1.65E+14,67.705736,daisy,,274.2196622,,,95,3,,,
32,1.65E+14,1.65E+14,211.3460632,,1.65E+14,56.231568,daisy,,267.5776312,,,96,3,,,
33,1.65E+14,1.65E+14,206.0596042,,1.65E+14,55.751985,daisy,,261.8115892,,,97,3,,,
33,1.65E+14,1.65E+14,209.2774692,,1.65E+14,62.41761,daisy,,271.6950792,,,98,3,,,
33,1.65E+14,1.65E+14,202.3472082,,1.65E+14,61.02334,daisy,,263.3705482,,,99,3,,,
34,1.65E+14,1.65E+14,202.5115832,,1.65E+14,61.060163,daisy,,263.5717462,,,100,3,,,
34,1.65E+14,1.65E+14,209.0566882,,1.65E+14,60.117298,daisy,,269.1739862,,,101,3,,,
34,1.65E+14,1.65E+14,202.9152282,,1.65E+14,61.0211,daisy,,263.9363282,,,102,3,,,
35,1.65E+14,1.65E+14,204.4893962,,1.65E+14,61.459642,daisy,,265.9490382,,,103,3,,,
35,1.65E+14,1.65E+14,206.6267416,,1.65E+14,67.698653,daisy,,274.3253946,,,104,3,,,
35,1.65E+14,1.65E+14,202.9763752,,1.65E+14,56.12563,daisy,,259.1020052,,,105,3,,,
36,1.65E+14,1.65E+14,203.1437182,,1.65E+14,58.588287,daisy,,261.7320052,,,106,3,,,
36,1.65E+14,1.65E+14,211.8039282,,1.65E+14,61.598652,daisy,,273.4025802,,,107,3,,,
36,1.65E+14,1.65E+14,204.7196042,,1.65E+14,60.568235,daisy,,265.2878392,,,108,3,,,
37,1.65E+14,1.65E+14,204.1376772,,1.65E+14,64.98084,daisy,,269.1185172,,,109,3,,,
37,1.65E+14,1.65E+14,208.5371562,,1.65E+14,66.285267,daisy,,274.8224232,,,110,3,,,
37,1.65E+14,1.65E+14,206.3796562,,1.65E+14,61.434954,roses,,267.8146102,,,111,3,,,
38,1.65E+14,1.65E+14,209.2079892,,1.65E+14,78.609695,daisy,,287.8176842,,,112,3,,,
38,1.65E+14,1.65E+14,200.6867392,,1.65E+14,61.152402,daisy,,261.8391412,,,113,3,,,
38,1.65E+14,1.65E+14,210.2879916,,1.65E+14,58.18162,daisy,,268.4696116,,,114,3,,,
38,1.65E+14,1.65E+14,200.7535092,,1.65E+14,63.935111,daisy,,264.6886202,,,115,3,,,
39,1.65E+14,1.65E+14,190.2560612,,1.65E+14,60.701048,daisy,,250.9571092,,,116,3,,,
39,1.65E+14,1.65E+14,202.8581452,,1.65E+14,60.669537,daisy,,263.5276822,,,117,3,,,
39,1.65E+14,1.65E+14,206.8748122,,1.65E+14,63.661412,daisy,,270.5362242,,,118,3,,,
40,1.65E+14,1.65E+14,209.1533022,,1.65E+14,64.649537,daisy,,273.8028392,,,119,3,,,
40,1.65E+14,1.65E+14,198.6083012,,1.65E+14,60.534121,daisy,,259.1424222,,,120,3,,,
40,1.65E+14,1.65E+14,197.3975192,,1.65E+14,61.248131,daisy,,258.6456502,,,121,3,,,
41,1.65E+14,1.65E+14,199.1050216,,1.65E+14,63.567819,daisy,,262.6728406,,,122,3,,,
41,1.65E+14,1.65E+14,199.5974682,,1.65E+14,62.324121,daisy,,261.9215892,,,123,3,,,
41,1.65E+14,1.65E+14,203.1682492,,1.65E+14,66.702246,daisy,,269.8704952,,,124,3,,,
42,1.65E+14,1.65E+14,203.2972082,,1.65E+14,56.424068,roses,,259.7212762,,,125,3,,,
42,1.65E+14,1.65E+14,207.0788222,,1.65E+14,59.883912,daisy,,266.9627342,,,126,3,,,
42,1.65E+14,1.65E+14,201.0851242,,1.65E+14,66.835319,daisy,,267.9204432,,,127,3,,,
43,1.65E+14,1.65E+14,205.9446042,,1.65E+14,63.648653,daisy,,269.5932572,,,128,3,,,
43,1.65E+14,1.65E+14,208.8677812,,1.65E+14,68.866361,daisy,,277.7341422,,,129,3,,,
43,1.65E+14,1.65E+14,195.7808532,,1.65E+14,59.165527,daisy,,254.9463802,,,130,3,,,
44,1.65E+14,1.65E+14,199.8161142,,1.65E+14,64.55959,daisy,,264.3757042,,,131,3,,,
44,1.65E+14,1.65E+14,190.6867382,,1.65E+14,56.322506,daisy,,247.0092442,,,132,3,,,
44,1.65E+14,1.65E+14,200.8687182,,1.65E+14,59.819068,daisy,,260.6877862,,,133,3,,,
44,1.65E+14,1.65E+14,198.5685116,,1.65E+14,59.367298,daisy,,257.9358096,,,134,3,,,
45,1.65E+14,1.65E+14,203.5275216,,1.65E+14,57.545266,daisy,,261.0727876,,,135,3,,,
45,1.65E+14,1.65E+14,206.9469482,,1.65E+14,59.932662,daisy,,266.8796102,,,136,3,,,
45,1.65E+14,1.65E+14,210.6697092,,1.65E+14,65.046465,daisy,,275.7161742,,,137,3,,,
46,1.65E+14,1.65E+14,204.5466352,,1.65E+14,60.39412,roses,,264.9407552,,,138,3,,,
46,1.65E+14,1.65E+14,207.2610116,,1.65E+14,62.708027,daisy,,269.9690386,,,139,3,,,
46,1.65E+14,1.65E+14,205.9852812,,1.65E+14,56.618131,daisy,,262.6034122,,,140,3,,,
47,1.65E+14,1.65E+14,203.8389792,,1.65E+14,61.873079,daisy,,265.7120582,,,141,3,,,
47,1.65E+14,1.65E+14,208.4693442,,1.65E+14,64.9361,daisy,,273.4054442,,,142,3,,,
47,1.65E+14,1.65E+14,207.1447082,,1.65E+14,54.461203,daisy,,261.6059112,,,143,3,,,
48,1.65E+14,1.65E+14,203.3431452,,1.65E+14,59.568392,daisy,,262.9115372,,,144,3,,,
48,1.65E+14,1.65E+14,209.6110632,,1.65E+14,61.028079,daisy,,270.6391422,,,145,3,,,
48,1.65E+14,1.65E+14,208.1895165,,1.65E+14,59.219172,daisy,,267.4086885,,,146,3,,,
49,1.65E+14,1.65E+14,198.8065316,,1.65E+14,58.894902,daisy,,257.7014336,,,147,3,,,
49,1.65E+14,1.65E+14,201.9549162,,1.65E+14,61.727037,daisy,,263.6819532,,,148,3,,,
49,1.65E+14,1.65E+14,208.6596042,,1.65E+14,57.239537,daisy,,265.8991412,,,149,3,,,
50,1.65E+14,1.65E+14,207.9671042,,1.65E+14,50.494693,daisy,,258.4617972,,,150,3,,,
50,1.65E+14,1.65E+14,205.9955942,,1.65E+14,58.195422,daisy,,264.1910162,,,151,3,,,
50,1.65E+14,1.65E+14,210.7300732,,1.65E+14,65.548965,daisy,,276.2790382,,,152,3,,,
51,1.65E+14,1.65E+14,208.3917392,,1.65E+14,63.291308,daisy,,271.6830472,,,153,3,,,
51,1.65E+14,1.65E+14,203.6228332,,1.65E+14,55.06162,daisy,,258.6844532,,,154,3,,,
51,1.65E+14,1.65E+14,208.0438232,,1.65E+14,60.667142,daisy,,268.7109652,,,155,3,,,
52,1.65E+14,1.65E+14,207.1439792,,1.65E+14,56.556204,daisy,,263.7001832,,,156,3,,,
52,1.65E+14,1.65E+14,202.0581972,,1.65E+14,54.950214,daisy,,257.0084112,,,157,3,,,
52,1.65E+14,1.65E+14,209.5101772,,1.65E+14,62.306204,daisy,,271.8163812,,,158,3,,,
53,1.65E+14,1.65E+14,207.3844992,,1.65E+14,54.334537,daisy,,261.7190362,,,159,3,,,
53,1.65E+14,1.65E+14,209.0749692,,1.65E+14,59.651725,daisy,,268.7266942,,,160,3,,,
53,1.65E+14,1.65E+14,212.1892416,,1.65E+14,62.661829,daisy,,274.8510706,,,161,3,,,
54,1.65E+14,1.65E+14,206.1682492,,1.65E+14,60.616933,daisy,,266.7851822,,,162,3,,,
54,1.65E+14,1.65E+14,193.3037182,,1.65E+14,56.908235,daisy,,250.2119532,,,163,3,,,
54,1.65E+14,1.65E+14,205.9418962,,1.65E+14,67.420372,daisy,,273.3622682,,,164,3,,,
55,1.65E+14,1.65E+14,218.6767416,,1.65E+14,61.48886,daisy,,280.1656016,,,165,3,,,
55,1.65E+14,1.65E+14,218.6453342,,1.65E+14,65.926725,daisy,,284.5720592,,,166,3,,,
55,1.65E+14,1.65E+14,206.5086672,,1.65E+14,60.733861,daisy,,267.2425282,,,167,2,,,
56,1.65E+14,1.65E+14,216.4046052,,1.65E+14,58.87985,daisy,,275.2844552,,,168,3,,,
56,1.65E+14,1.65E+14,213.1284072,,1.65E+14,59.033027,roses,,272.1614342,,,169,3,,,
56,1.65E+14,1.65E+14,210.4879382,,1.65E+14,61.135579,daisy,,271.6235172,,,170,2,,,
57,1.65E+14,1.65E+14,219.3625212,,1.65E+14,64.187871,daisy,,283.5503922,,,171,3,,,
57,1.65E+14,1.65E+14,224.4240852,,1.65E+14,69.378757,daisy,,293.8028422,,,172,3,,,
57,1.65E+14,1.65E+14,215.5296052,,1.65E+14,98.546417,daisy,,314.0760222,,,173,3,,,
58,1.65E+14,1.65E+14,207.4306462,,1.65E+14,64.368965,daisy,,271.7996112,,,174,3,,,
58,1.65E+14,1.65E+14,219.4771062,,1.65E+14,64.305163,daisy,,283.7822692,,,175,2,,,
58,1.65E+14,1.65E+14,217.4534592,,1.65E+14,63.825215,daisy,,281.2786742,,,176,3,,,
59,1.65E+14,1.65E+14,223.5776272,,1.65E+14,63.824903,daisy,,287.4025302,,,177,3,,,
59,1.65E+14,1.65E+14,212.1980422,,1.65E+14,59.857402,daisy,,272.0554442,,,178,2,,,
59,1.65E+14,1.65E+14,219.6808042,,1.65E+14,72.708914,daisy,,292.3897182,,,179,3,,,
60,1.65E+14,1.65E+14,219.8877316,,1.65E+14,69.02933,daisy,,288.9170616,,,180,3,,,
60,1.65E+14,1.65E+14,218.0255422,,1.65E+14,64.46209,daisy,,282.4876322,,,181,3,,,
60,1.65E+14,1.65E+14,222.2728352,,1.65E+14,61.262766,daisy,,283.5356012,,,182,2,,,
61,1.65E+14,1.65E+14,218.3197092,,1.65E+14,60.969798,daisy,,279.2895072,,,183,3,,,
61,1.65E+14,1.65E+14,232.0447116,,1.65E+14,59.103808,daisy,,291.1485196,,,184,3,,,
61,1.65E+14,1.65E+14,219.7793442,,1.65E+14,56.836047,daisy,,276.6153912,,,185,2,,,
62,1.65E+14,1.65E+14,222.2709072,,1.65E+14,62.511048,daisy,,284.7819552,,,186,3,,,
62,1.65E+14,1.65E+14,224.6776792,,1.65E+14,64.12985,daisy,,288.8075292,,,187,3,,,
62,1.65E+14,1.65E+14,217.1070532,,1.65E+14,61.933652,daisy,,279.0407052,,,188,3,,,
63,1.65E+14,1.65E+14,220.4617932,,1.65E+14,63.50334,daisy,,283.9651332,,,189,2,,,
63,1.65E+14,1.65E+14,223.2335122,,1.65E+14,61.912559,daisy,,285.1460712,,,190,3,,,
63,1.65E+14,1.65E+14,212.8299172,,1.65E+14,68.850945,roses,,281.6808622,,,191,3,,,
64,1.65E+14,1.65E+14,221.2246582,,1.65E+14,65.039433,roses,,286.2640912,,,192,3,,,
64,1.65E+14,1.65E+14,216.3567932,,1.65E+14,59.596256,daisy,,275.9530492,,,193,2,,,
64,1.65E+14,1.65E+14,218.4470532,,1.65E+14,63.513027,daisy,,281.9600802,,,194,3,,,
65,1.65E+14,1.65E+14,227.2014812,,1.65E+14,59.077245,daisy,,286.2787262,,,195,3,,,
65,1.65E+14,1.65E+14,219.6950742,,1.65E+14,63.391882,roses,,283.0869562,,,196,2,,,
65,1.65E+14,1.65E+14,219.0261682,,1.65E+14,66.133132,daisy,,285.1593002,,,197,3,,,
66,1.65E+14,1.65E+14,223.0254912,,1.65E+14,66.137662,daisy,,289.1631532,,,198,3,,,
66,1.65E+14,1.65E+14,219.4573662,,1.65E+14,62.231985,roses,,281.6893512,,,199,3,,,
66,1.65E+14,1.65E+14,221.1605952,,1.65E+14,62.068704,daisy,,283.2292992,,,200,2,,,
67,1.65E+14,1.65E+14,215.0534072,,1.65E+14,58.00188,daisy,,273.0552872,,,201,3,,,
67,1.65E+14,1.65E+14,222.7425232,,1.65E+14,66.058131,daisy,,288.8006542,,,202,3,,,
67,1.65E+14,1.65E+14,218.0103342,,1.65E+14,67.175006,daisy,,285.1853402,,,203,3,,,
68,1.65E+14,1.65E+14,211.6704382,,1.65E+14,62.718756,daisy,,274.3891942,,,204,2,,,
68,1.65E+14,1.65E+14,222.6162216,,1.65E+14,57.547193,daisy,,280.1634146,,,205,3,,,
68,1.65E+14,1.65E+14,222.4231992,,1.65E+14,63.081256,daisy,,285.5044552,,,206,3,,,
69,1.65E+14,1.65E+14,217.2073662,,1.65E+14,58.550058,daisy,,275.7574242,,,207,3,,,
69,1.65E+14,1.65E+14,215.6880942,,1.65E+14,78.844955,daisy,,294.5330492,,,208,2,,,
69,1.65E+14,1.65E+14,213.7352822,,1.65E+14,64.682819,daisy,,278.4181012,,,209,3,,,
70,1.65E+14,1.65E+14,221.8984072,,1.65E+14,64.627558,roses,,286.5259652,,,210,3,,,
70,1.65E+14,1.65E+14,214.4605422,,1.65E+14,60.477194,daisy,,274.9377362,,,211,2,,,
70,1.65E+14,1.65E+14,224.1075742,,1.65E+14,64.575162,daisy,,288.6827362,,,212,3,,,
71,1.65E+14,1.65E+14,214.2236152,,1.65E+14,64.911308,daisy,,279.1349232,,,213,3,,,
71,1.65E+14,1.65E+14,224.3716892,,1.65E+14,57.425891,daisy,,281.7975802,,,214,3,,,
71,1.65E+14,1.65E+14,219.0078862,,1.65E+14,62.756985,roses,,281.7648712,,,215,2,,,
72,1.65E+14,1.65E+14,215.7673132,,1.65E+14,95.366103,daisy,,311.1334162,,,216,3,,,
72,1.65E+14,1.65E+14,218.4944482,,1.65E+14,57.176048,roses,,275.6704962,,,217,3,,,
72,1.65E+14,1.65E+14,226.8630442,,1.65E+14,63.612766,daisy,,290.4758102,,,218,3,,,
73,1.65E+14,1.65E+14,219.6427316,,1.65E+14,61.829329,daisy,,281.4720606,,,219,2,,,
73,1.65E+14,1.65E+14,217.9277316,,1.65E+14,57.792975,daisy,,275.7207066,,,220,3,,,
73,1.65E+14,1.65E+14,220.6841892,,1.65E+14,63.020371,daisy,,283.7045602,,,221,3,,,
74,1.65E+14,1.65E+14,224.2758042,,1.65E+14,63.806308,daisy,,288.0821122,,,222,2,,,
74,1.65E+14,1.65E+14,218.9446572,,1.65E+14,58.693131,daisy,,277.6377882,,,223,3,,,
74,1.65E+14,1.65E+14,219.9162722,,1.65E+14,60.846152,daisy,,280.7624242,,,224,3,,,
75,1.65E+14,1.65E+14,213.3181992,,1.65E+14,64.838392,daisy,,278.1565912,,,225,3,,,
75,1.65E+14,1.65E+14,220.4040842,,1.65E+14,62.443912,daisy,,282.8479962,,,226,2,,,
75,1.65E+14,1.65E+14,217.9280422,,1.65E+14,59.524068,daisy,,277.4521102,,,227,3,,,
76,1.65E+14,1.65E+14,217.1197092,,1.65E+14,62.953079,daisy,,280.0727882,,,228,3,,,
76,1.65E+14,1.65E+14,217.4453342,,1.65E+14,57.871308,roses,,275.3166422,,,229,3,,,
76,1.65E+14,1.65E+14,217.1886152,,1.65E+14,62.82636,daisy,,280.0149752,,,230,2,,,
77,1.65E+14,1.65E+14,217.2465842,,1.65E+14,67.541257,daisy,,284.7878412,,,231,3,,,
77,1.65E+14,1.65E+14,216.1380942,,1.65E+14,61.863861,daisy,,278.0019552,,,232,3,,,
77,1.65E+14,1.65E+14,220.7926792,,1.65E+14,64.091725,daisy,,284.8844042,,,233,2,,,
78,1.65E+14,1.65E+14,220.4748652,,1.65E+14,63.705632,daisy,,284.1804972,,,234,3,,,
78,1.65E+14,1.65E+14,216.0184072,,1.65E+14,60.805318,daisy,,276.8237252,,,235,3,,,
78,1.65E+14,1.65E+14,220.6285632,,1.65E+14,60.667558,daisy,,281.2961212,,,236,3,,,
79,1.65E+14,1.65E+14,217.5849716,,1.65E+14,63.60084,daisy,,281.1858116,,,237,2,,,
79,1.65E+14,1.65E+14,218.7612722,,1.65E+14,69.021153,daisy,,287.7824252,,,238,3,,,
79,1.65E+14,1.65E+14,219.1431472,,1.65E+14,61.717454,daisy,,280.8606012,,,239,3,,,
80,1.65E+14,1.65E+14,222.6671062,,1.65E+14,64.236048,daisy,,286.9031542,,,240,3,,,
80,1.65E+14,1.65E+14,220.6376792,,1.65E+14,71.855789,daisy,,292.4934682,,,241,2,,,
80,1.65E+14,1.65E+14,219.6391372,,1.65E+14,60.231256,daisy,,279.8703932,,,242,3,,,
81,1.65E+14,1.65E+14,214.1391362,,1.65E+14,62.329798,daisy,,276.4689342,,,243,3,,,
81,1.65E+14,1.65E+14,207.6497616,,1.65E+14,89.079123,daisy,,296.7288846,,,244,2,,,
81,1.65E+14,1.65E+14,216.7490322,,1.65E+14,62.791048,daisy,,279.5400802,,,245,3,,,
82,1.65E+14,1.65E+14,214.1388762,,1.65E+14,59.177245,daisy,,273.3161212,,,246,3,,,
82,1.65E+14,1.65E+14,217.3568972,,1.65E+14,58.092089,daisy,,275.4489862,,,247,3,,,
82,1.65E+14,1.65E+14,212.2306462,,1.65E+14,57.399276,roses,,269.6299222,,,248,2,,,
83,1.65E+14,1.65E+14,222.5277316,,1.65E+14,68.591725,daisy,,291.1194566,,,249,3,,,
83,1.65E+14,1.65E+14,217.1868452,,1.65E+14,62.647819,daisy,,279.8346642,,,250,3,,,
83,1.65E+14,1.65E+14,211.9045522,,1.65E+14,62.343809,daisy,,274.2483612,,,251,3,,,
84,1.65E+14,1.65E+14,219.8086682,,1.65E+14,62.937298,daisy,,282.7459662,,,252,2,,,
84,1.65E+14,1.65E+14,220.8372116,,1.65E+14,57.704329,daisy,,278.5415406,,,253,3,,,
84,1.65E+14,1.65E+14,213.9897092,,1.65E+14,66.92407,daisy,,280.9137792,,,254,3,,,
85,1.65E+14,1.65E+14,218.4604392,,1.65E+14,67.671726,daisy,,286.1321652,,,255,2,,,
85,1.65E+14,1.65E+14,218.8231462,,1.65E+14,59.486256,daisy,,278.3094022,,,256,3,,,
85,1.65E+14,1.65E+14,217.5375222,,1.65E+14,65.385162,daisy,,282.9226842,,,257,3,,,
86,1.65E+14,1.65E+14,227.2461682,,1.65E+14,65.863756,daisy,,293.1099242,,,258,3,,,
86,1.65E+14,1.65E+14,225.9011162,,1.65E+14,57.048964,daisy,,282.9500802,,,259,2,,,
86,1.65E+14,1.65E+14,225.5102316,,1.65E+14,64.161674,daisy,,289.6719056,,,260,3,,,
87,1.65E+14,1.65E+14,217.3421052,,1.65E+14,58.723287,daisy,,276.0653922,,,261,3,,,
87,1.65E+14,1.65E+14,225.1358562,,1.65E+14,65.757246,daisy,,290.8931022,,,262,3,,,
87,1.65E+14,1.65E+14,215.1502316,,1.65E+14,62.608288,daisy,,277.7585196,,,263,2,,,
88,1.65E+14,1.65E+14,223.3436682,,1.65E+14,58.023808,daisy,,281.3674762,,,264,3,,,
88,1.65E+14,1.65E+14,221.3547116,,1.65E+14,61.575006,daisy,,282.9297176,,,265,3,,,
88,1.65E+14,1.65E+14,213.7111152,,1.65E+14,70.482247,daisy,,284.1933622,,,266,2,,,
89,1.65E+14,1.65E+14,215.3583032,,1.65E+14,57.760631,daisy,,273.1189342,,,267,3,,,
89,1.65E+14,1.65E+14,220.7110642,,1.65E+14,61.093026,daisy,,281.8040902,,,268,3,,,
89,1.65E+14,1.65E+14,213.3579916,,1.65E+14,59.670215,daisy,,273.0282066,,,269,3,,,
90,1.65E+14,1.65E+14,219.6726262,,1.65E+14,73.592767,daisy,,293.2653932,,,270,2,,,
90,1.65E+14,1.65E+14,217.3511162,,1.65E+14,60.813861,daisy,,278.1649772,,,271,3,,,
90,1.65E+14,1.65E+14,217.6456472,,1.65E+14,65.456049,daisy,,283.1016962,,,272,3,,,
91,1.65E+14,1.65E+14,222.4098662,,1.65E+14,70.006153,daisy,,292.4160192,,,273,3,,,
91,1.65E+14,1.65E+14,219.0291362,,1.65E+14,60.429537,daisy,,279.4586732,,,274,2,,,
91,1.65E+14,1.65E+14,209.2889272,,1.65E+14,64.991464,daisy,,274.2803912,,,275,3,,,
92,1.65E+14,1.65E+14,218.6322116,,1.65E+14,65.82183,daisy,,284.4540416,,,276,3,,,
92,1.65E+14,1.65E+14,218.8492932,,1.65E+14,58.465319,daisy,,277.3146122,,,277,2,,,
92,1.65E+14,1.65E+14,216.6273652,,1.65E+14,67.770788,daisy,,284.3981532,,,278,3,,,
93,1.65E+14,1.65E+14,223.0848142,,1.65E+14,66.324798,daisy,,289.4096122,,,279,3,,,
93,1.65E+14,1.65E+14,216.8749692,,1.65E+14,66.2186,roses,,283.0935692,,,280,3,,,
93,1.65E+14,1.65E+14,214.1879382,,1.65E+14,60.788756,daisy,,274.9766942,,,281,2,,,
94,1.65E+14,1.65E+14,230.9790332,,1.65E+14,58.190058,daisy,,289.1690912,,,282,3,,,
94,1.65E+14,1.65E+14,218.5295532,,1.65E+14,63.291204,daisy,,281.8207572,,,283,3,,,
94,1.65E+14,1.65E+14,218.3573662,,1.65E+14,62.920007,daisy,,281.2773732,,,284,3,,,
95,1.65E+14,1.65E+14,221.4393972,,1.65E+14,65.213079,daisy,,286.6524762,,,285,2,,,
95,1.65E+14,1.65E+14,217.4311162,,1.65E+14,64.474173,daisy,,281.9052892,,,286,3,,,
95,1.65E+14,1.65E+14,219.6797612,,1.65E+14,67.964486,daisy,,287.6442472,,,287,3,,,
96,1.65E+14,1.65E+14,208.4380412,,1.65E+14,68.855007,daisy,,277.2930482,,,288,3,,,
96,1.65E+14,1.65E+14,221.8434616,,1.65E+14,64.153235,daisy,,285.9966966,,,289,2,,,
96,1.65E+14,1.65E+14,214.9281982,,1.65E+14,61.756985,daisy,,276.6851832,,,290,3,,,
97,1.65E+14,1.65E+14,218.3658552,,1.65E+14,60.00485,daisy,,278.3707052,,,291,3,,,
97,1.65E+14,1.65E+14,225.2016892,,1.65E+14,58.935787,roses,,284.1374762,,,292,2,,,
97,1.65E+14,1.65E+14,215.0123652,,1.65E+14,60.816829,daisy,,275.8291942,,,293,3,,,
98,1.65E+14,1.65E+14,223.8758552,,1.65E+14,67.445058,daisy,,291.3209132,,,294,3,,,
98,1.65E+14,1.65E+14,220.0629912,,1.65E+14,63.005319,daisy,,283.0683102,,,295,3,,,
98,1.65E+14,1.65E+14,214.0765322,,1.65E+14,62.486256,daisy,,276.5627882,,,296,2,,,
99,1.65E+14,1.65E+14,218.2108552,,1.65E+14,60.131256,daisy,,278.3421112,,,297,3,,,
99,1.65E+14,1.65E+14,220.1742416,,1.65E+14,60.649173,daisy,,280.8234146,,,298,3,,,
99,1.65E+14,1.65E+14,216.3361152,,1.65E+14,59.491308,daisy,,275.8274232,,,299,3,,,
100,1.65E+14,1.65E+14,221.3630432,,1.65E+14,67.634226,daisy,,288.9972692,,,300,1,,,
100,1.65E+14,1.65E+14,217.3377822,,1.65E+14,64.431048,daisy,,281.7688302,,,,,,,
100,1.65E+14,1.65E+14,222.3573662,,1.65E+14,69.155163,daisy,,291.5125292,,,,,,,
101,1.65E+14,1.65E+14,220.9683552,,1.65E+14,65.051309,daisy,,286.0196642,,,,,,,
101,1.65E+14,1.65E+14,222.3502316,,1.65E+14,66.662246,daisy,,289.0124776,,,,,,,
101,1.65E+14,1.65E+14,218.0004392,,1.65E+14,62.53485,daisy,,280.5352892,,,,,,,
102,1.65E+14,1.65E+14,226.6060122,,1.65E+14,68.685632,daisy,,295.2916442,,,,,,,
102,1.65E+14,1.65E+14,225.4894516,,1.65E+14,63.33735,daisy,,288.8268016,,,,,,,
102,1.65E+14,1.65E+14,212.5245522,,1.65E+14,62.233495,daisy,,274.7580472,,,,,,,
103,1.65E+14,1.65E+14,221.4575222,,1.65E+14,57.963235,daisy,,279.4207572,,,,,,,
103,1.65E+14,1.65E+14,226.9114812,,1.65E+14,57.993807,daisy,,284.9052882,,,,,,,
103,1.65E+14,1.65E+14,216.5422092,,1.65E+14,62.340944,daisy,,278.8831532,,,,,,,
104,1.65E+14,1.65E+14,223.3314812,,1.65E+14,68.405736,daisy,,291.7372172,,,,,,,
104,1.65E+14,1.65E+14,214.2258022,,1.65E+14,63.765267,daisy,,277.9910692,,,,,,,
104,1.65E+14,1.65E+14,220.3167412,,1.65E+14,70.045945,daisy,,290.3626862,,,,,,,
105,1.65E+14,1.65E+14,209.5700212,,1.65E+14,76.100215,daisy,,285.6702362,,,,,,,
105,1.65E+14,1.65E+14,219.2315322,,1.65E+14,63.487662,daisy,,282.7191942,,,,,,,
105,1.65E+14,1.65E+14,217.9761152,,1.65E+14,61.046673,daisy,,279.0227882,,,,,,,
106,1.65E+14,1.65E+14,221.2443452,,1.65E+14,57.620839,daisy,,278.8651842,,,,,,,
106,1.65E+14,1.65E+14,220.0636682,,1.65E+14,60.327766,daisy,,280.3914342,,,,,,,
106,1.65E+14,1.65E+14,224.0471062,,1.65E+14,64.831256,daisy,,288.8783622,,,,,,,
107,1.65E+14,1.65E+14,213.6211152,,1.65E+14,70.336466,daisy,,283.9575812,,,,,,,
107,1.65E+14,1.65E+14,222.6720022,,1.65E+14,67.517403,daisy,,290.1894052,,,,,,,
107,1.65E+14,1.65E+14,216.0426782,,1.65E+14,63.402558,daisy,,279.4452362,,,,,,,
108,1.65E+14,1.65E+14,220.9392932,,1.65E+14,67.358757,daisy,,288.2980502,,,,,,,
108,1.65E+14,1.65E+14,224.5110122,,1.65E+14,59.052922,daisy,,283.5639342,,,,,,,
108,1.65E+14,1.65E+14,224.9453872,,1.65E+14,65.875215,daisy,,290.8206022,,,,,,,
109,1.65E+14,1.65E+14,218.9703352,,1.65E+14,62.020422,daisy,,280.9907572,,,,,,,
109,1.65E+14,1.65E+14,218.4469492,,1.65E+14,66.423809,daisy,,284.8707582,,,,,,,
109,1.65E+14,1.65E+14,216.3631472,,1.65E+14,60.657037,daisy,,277.0201842,,,,,,,
110,1.65E+14,1.65E+14,221.4451782,,1.65E+14,62.701621,daisy,,284.1467992,,,,,,,
110,1.65E+14,1.65E+14,217.4147612,,1.65E+14,61.278027,daisy,,278.6927882,,,,,,,
110,1.65E+14,1.65E+14,219.5397092,,1.65E+14,60.142193,daisy,,279.6819022,,,,,,,
111,1.65E+14,1.65E+14,219.9446052,,1.65E+14,64.460579,daisy,,284.4051842,,,,,,,
111,1.65E+14,1.65E+14,216.0534592,,1.65E+14,61.993704,daisy,,278.0471632,,,,,,,
111,1.65E+14,1.65E+14,222.9120542,,1.65E+14,59.075162,daisy,,281.9872162,,,,,,,
112,1.65E+14,1.65E+14,216.6850222,,1.65E+14,90.065529,daisy,,306.7505512,,,,,,,
112,1.65E+14,1.65E+14,211.5740312,,1.65E+14,63.371777,daisy,,274.9458082,,,,,,,
112,1.65E+14,1.65E+14,216.2945012,,1.65E+14,58.366099,daisy,,274.6606002,,,,,,,
113,1.65E+14,1.65E+14,222.2447092,,1.65E+14,68.882038,daisy,,291.1267472,,,,,,,
113,1.65E+14,1.65E+14,214.0267416,,1.65E+14,56.480943,daisy,,270.5076846,,,,,,,
113,1.65E+14,1.65E+14,221.9887722,,1.65E+14,58.890787,daisy,,280.8795592,,,,,,,
114,1.65E+14,1.65E+14,224.1903872,,1.65E+14,71.584382,daisy,,295.7747692,,,,,,,
114,1.65E+14,1.65E+14,214.4598132,,1.65E+14,64.753756,daisy,,279.2135692,,,,,,,
114,1.65E+14,1.65E+14,217.2218442,,1.65E+14,59.915058,daisy,,277.1369022,,,,,,,
115,1.65E+14,1.65E+14,220.4784072,,1.65E+14,65.639121,daisy,,286.1175282,,,,,,,
115,1.65E+14,1.65E+14,218.4852316,,1.65E+14,60.032246,daisy,,278.5174776,,,,,,,
115,1.65E+14,1.65E+14,219.3272092,,1.65E+14,61.695267,daisy,,281.0224762,,,,,,,
116,1.65E+14,1.65E+14,218.9446052,,1.65E+14,58.839537,daisy,,277.7841422,,,,,,,
116,1.65E+14,1.65E+14,224.6449712,,1.65E+14,65.610267,daisy,,290.2552382,,,,,,,
116,1.65E+14,1.65E+14,213.1445012,,1.65E+14,66.993601,daisy,,280.1381022,,,,,,,
117,1.65E+14,1.65E+14,220.9185642,,1.65E+14,64.864277,daisy,,285.7828412,,,,,,,
117,1.65E+14,1.65E+14,216.0623132,,1.65E+14,58.102193,daisy,,274.1645062,,,,,,,
117,1.65E+14,1.65E+14,223.1549716,,1.65E+14,61.069069,daisy,,284.2240406,,,,,,,
118,1.65E+14,1.65E+14,224.8114292,,1.65E+14,64.144486,daisy,,288.9559152,,,,,,,
118,1.65E+14,1.65E+14,219.0329392,,1.65E+14,65.530424,daisy,,284.5633632,,,,,,,
118,1.65E+14,1.65E+14,215.5631472,,1.65E+14,65.726101,daisy,,281.2892482,,,,,,,
119,1.65E+14,1.65E+14,218.8450742,,1.65E+14,63.313704,daisy,,282.1587782,,,,,,,
119,1.65E+14,1.65E+14,225.1310642,,1.65E+14,65.805267,daisy,,290.9363312,,,,,,,
119,1.65E+14,1.65E+14,218.6946582,,1.65E+14,62.033548,daisy,,280.7282062,,,,,,,
120,1.65E+14,1.65E+14,212.4598642,,1.65E+14,60.632454,daisy,,273.0923182,,,,,,,
120,1.65E+14,1.65E+14,239.0925242,,1.65E+14,62.025423,daisy,,301.1179472,,,,,,,
120,1.65E+14,1.65E+14,217.7817932,,1.65E+14,68.126986,daisy,,285.9087792,,,,,,,
121,1.65E+14,1.65E+14,216.1706462,,1.65E+14,57.328079,daisy,,273.4987252,,,,,,,
121,1.65E+14,1.65E+14,217.6853352,,1.65E+14,71.672663,daisy,,289.3579982,,,,,,,
121,1.65E+14,1.65E+14,217.1930422,,1.65E+14,58.878912,daisy,,276.0719542,,,,,,,
122,1.65E+14,1.65E+14,221.0642932,,1.65E+14,65.890215,daisy,,286.9545082,,,,,,,
122,1.65E+14,1.65E+14,213.5781462,,1.65E+14,67.905423,daisy,,281.4835692,,,,,,,
122,1.65E+14,1.65E+14,210.8778342,,1.65E+14,55.455995,daisy,,266.3338292,,,,,,,
123,1.65E+14,1.65E+14,222.3002822,,1.65E+14,62.104589,daisy,,284.4048712,,,,,,,
123,1.65E+14,1.65E+14,215.5709592,,1.65E+14,65.763756,daisy,,281.3347152,,,,,,,
123,1.65E+14,1.65E+14,217.5820012,,1.65E+14,63.835787,daisy,,281.4177882,,,,,,,
124,1.65E+14,1.65E+14,218.5628342,,1.65E+14,63.364069,daisy,,281.9269032,,,,,,,
124,1.65E+14,1.65E+14,222.7352312,,1.65E+14,65.868287,daisy,,288.6035182,,,,,,,
124,1.65E+14,1.65E+14,212.5956462,,1.65E+14,63.775163,daisy,,276.3708092,,,,,,,
125,1.65E+14,1.65E+14,219.5653352,,1.65E+14,60.191568,daisy,,279.7569032,,,,,,,
125,1.65E+14,1.65E+14,216.1372612,,1.65E+14,66.75834,daisy,,282.8956012,,,,,,,
125,1.65E+14,1.65E+14,223.8717412,,1.65E+14,68.325476,daisy,,292.1972172,,,,,,,
126,1.65E+14,1.65E+14,221.5992412,,1.65E+14,69.692038,daisy,,291.2912792,,,,,,,
126,1.65E+14,1.65E+14,215.7613752,,1.65E+14,65.531569,daisy,,281.2929442,,,,,,,
126,1.65E+14,1.65E+14,214.0070012,,1.65E+14,65.154486,daisy,,279.1614872,,,,,,,
127,1.65E+14,1.65E+14,222.7876782,,1.65E+14,67.202715,daisy,,289.9903932,,,,,,,
127,1.65E+14,1.65E+14,211.6347082,,1.65E+14,60.134485,daisy,,271.7691932,,,,,,,
127,1.65E+14,1.65E+14,215.3682512,,1.65E+14,92.29902,daisy,,307.6672712,,,,,,,
128,1.65E+14,1.65E+14,209.0037192,,1.65E+14,67.563132,daisy,,276.5668512,,,,,,,
128,1.65E+14,1.65E+14,215.7213232,,1.65E+14,69.07808,daisy,,284.7994032,,,,,,,
128,1.65E+14,1.65E+14,218.7929392,,1.65E+14,67.408861,daisy,,286.2018002,,,,,,,
129,1.65E+14,1.65E+14,224.1939292,,1.65E+14,66.662194,daisy,,290.8561232,,,,,,,
129,1.65E+14,1.65E+14,217.2672622,,1.65E+14,60.921465,daisy,,278.1887272,,,,,,,
129,1.65E+14,1.65E+14,220.6547116,,1.65E+14,69.841361,daisy,,290.4960726,,,,,,,
130,1.65E+14,1.65E+14,215.5433542,,1.65E+14,63.105579,daisy,,278.6489332,,,,,,,
130,1.65E+14,1.65E+14,210.4120522,,1.65E+14,69.313028,daisy,,279.7250802,,,,,,,
130,1.65E+14,1.65E+14,218.4287216,,1.65E+14,64.843809,daisy,,283.2725306,,,,,,,
131,1.65E+14,1.65E+14,220.0867412,,1.65E+14,65.496361,daisy,,285.5831022,,,,,,,
131,1.65E+14,1.65E+14,219.5721572,,1.65E+14,66.369642,daisy,,285.9417992,,,,,,,
131,1.65E+14,1.65E+14,214.2285112,,1.65E+14,60.453287,daisy,,274.6817982,,,,,,,
132,1.65E+14,1.65E+14,225.8499182,,1.65E+14,62.602089,daisy,,288.4520072,,,,,,,
132,1.65E+14,1.65E+14,211.1052316,,1.65E+14,66.890163,daisy,,277.9953946,,,,,,,
132,1.65E+14,1.65E+14,219.4808032,,1.65E+14,60.307193,daisy,,279.7879962,,,,,,,
133,1.65E+14,1.65E+14,220.1136682,,1.65E+14,56.742714,daisy,,276.8563822,,,,,,,
133,1.65E+14,1.65E+14,213.1100732,,1.65E+14,68.496986,daisy,,281.6070592,,,,,,,
133,1.65E+14,1.65E+14,216.5363762,,1.65E+14,93.318916,daisy,,309.8552922,,,,,,,
134,1.65E+14,1.65E+14,209.0278862,,1.65E+14,77.903133,daisy,,286.9310192,,,,,,,
134,1.65E+14,1.65E+14,220.4793962,,1.65E+14,62.977038,daisy,,283.4564342,,,,,,,
134,1.65E+14,1.65E+14,215.3869482,,1.65E+14,67.712246,daisy,,283.0991942,,,,,,,
135,1.65E+14,1.65E+14,216.9223662,,1.65E+14,59.796621,daisy,,276.7189872,,,,,,,
135,1.65E+14,1.65E+14,208.3049172,,1.65E+14,61.527506,daisy,,269.8324232,,,,,,,
135,1.65E+14,1.65E+14,216.9746052,,1.65E+14,57.767401,daisy,,274.7420062,,,,,,,
136,1.65E+14,1.65E+14,224.2066892,,1.65E+14,55.00735,daisy,,279.2140392,,,,,,,
136,1.65E+14,1.65E+14,215.2392922,,1.65E+14,69.19308,daisy,,284.4323722,,,,,,,
136,1.65E+14,1.65E+14,218.4006462,,1.65E+14,61.281621,daisy,,279.6822672,,,,,,,
137,1.65E+14,1.65E+14,220.1331992,,1.65E+14,68.506413,daisy,,288.6396122,,,,,,,
137,1.65E+14,1.65E+14,209.5720522,,1.65E+14,59.292558,daisy,,268.8646102,,,,,,,
137,1.65E+14,1.65E+14,209.9423122,,1.65E+14,65.929277,daisy,,275.8715892,,,,,,,
138,1.65E+14,1.65E+14,218.6768972,,1.65E+14,68.5261,daisy,,287.2029972,,,,,,,
138,1.65E+14,1.65E+14,221.8533042,,1.65E+14,63.864902,daisy,,285.7182062,,,,,,,
138,1.65E+14,1.65E+14,221.3057512,,1.65E+14,66.34485,daisy,,287.6506012,,,,,,,
139,1.65E+14,1.65E+14,214.8120012,,1.65E+14,66.581256,daisy,,281.3932572,,,,,,,
139,1.65E+14,1.65E+14,209.1207516,,1.65E+14,66.471257,daisy,,275.5920086,,,,,,,
139,1.65E+14,1.65E+14,217.3943972,,1.65E+14,62.437141,daisy,,279.8315382,,,,,,,
140,1.65E+14,1.65E+14,220.1897612,,1.65E+14,55.309172,daisy,,275.4989332,,,,,,,
140,1.65E+14,1.65E+14,220.6115852,,1.65E+14,64.07261,daisy,,284.6841952,,,,,,,
140,1.65E+14,1.65E+14,214.4364282,,1.65E+14,63.642663,daisy,,278.0790912,,,,,,,
141,1.65E+14,1.65E+14,218.5697092,,1.65E+14,60.563339,daisy,,279.1330482,,,,,,,
141,1.65E+14,1.65E+14,215.9228862,,1.65E+14,63.414277,daisy,,279.3371632,,,,,,,
141,1.65E+14,1.65E+14,217.9230422,,1.65E+14,57.768183,daisy,,275.6912252,,,,,,,
142,1.65E+14,1.65E+14,221.6874182,,1.65E+14,61.847662,daisy,,283.5350802,,,,,,,
142,1.65E+14,1.65E+14,210.5666352,,1.65E+14,65.204121,daisy,,275.7707562,,,,,,,
142,1.65E+14,1.65E+14,219.5479392,,1.65E+14,65.045214,daisy,,284.5931532,,,,,,,
143,1.65E+14,1.65E+14,219.9670532,,1.65E+14,69.287299,daisy,,289.2543522,,,,,,,
143,1.65E+14,1.65E+14,215.3638242,,1.65E+14,60.194172,daisy,,275.5579962,,,,,,,
143,1.65E+14,1.65E+14,221.2977832,,1.65E+14,65.477663,daisy,,286.7754462,,,,,,,
144,1.65E+14,1.65E+14,221.2577832,,1.65E+14,64.463288,daisy,,285.7210712,,,,,,,
144,1.65E+14,1.65E+14,210.2600212,,1.65E+14,78.044434,daisy,,288.3044552,,,,,,,
144,1.65E+14,1.65E+14,212.7610632,,1.65E+14,64.940839,daisy,,277.7019022,,,,,,,
145,1.65E+14,1.65E+14,216.8241372,,1.65E+14,62.741517,daisy,,279.5656542,,,,,,,
145,1.65E+14,1.65E+14,212.2255422,,1.65E+14,60.430527,roses,,272.6560692,,,,,,,
145,1.65E+14,1.65E+14,225.3196582,,1.65E+14,64.679798,daisy,,289.9994562,,,,,,,
146,1.65E+14,1.65E+14,219.7049716,,1.65E+14,61.160631,daisy,,280.8656026,,,,,,,
146,1.65E+14,1.65E+14,209.8846562,,1.65E+14,61.194954,daisy,,271.0796102,,,,,,,
146,1.65E+14,1.65E+14,225.4444492,,1.65E+14,66.555579,daisy,,292.0000282,,,,,,,
147,1.65E+14,1.65E+14,213.2601772,,1.65E+14,67.772299,daisy,,281.0324762,,,,,,,
147,1.65E+14,1.65E+14,214.5244482,,1.65E+14,67.325059,daisy,,281.8495072,,,,,,,
147,1.65E+14,1.65E+14,218.0202822,,1.65E+14,57.489797,daisy,,275.5100792,,,,,,,
148,1.65E+14,1.65E+14,224.6140332,,1.65E+14,57.134433,daisy,,281.7484662,,,,,,,
148,1.65E+14,1.65E+14,215.8360632,,1.65E+14,55.869172,daisy,,271.7052352,,,,,,,
148,1.65E+14,1.65E+14,219.2312722,,1.65E+14,64.432194,daisy,,283.6634662,,,,,,,
149,1.65E+14,1.65E+14,219.9259072,,1.65E+14,67.876257,daisy,,287.8021642,,,,,,,
149,1.65E+14,1.65E+14,217.1308032,,1.65E+14,61.990058,daisy,,279.1208612,,,,,,,
149,1.65E+14,1.65E+14,214.4440322,,1.65E+14,61.442558,daisy,,275.8865902,,,,,,,
150,1.65E+14,1.65E+14,220.3931472,,1.65E+14,64.901934,daisy,,285.2950812,,,,,,,
150,1.65E+14,1.65E+14,215.9298652,,1.65E+14,65.088548,daisy,,281.0184132,,,,,,,
150,1.65E+14,1.65E+14,215.2630422,,1.65E+14,63.895215,daisy,,279.1582572,,,,,,,
151,1.65E+14,1.65E+14,219.3107512,,1.65E+14,62.573704,daisy,,281.8844552,,,,,,,
151,1.65E+14,1.65E+14,208.2930422,,1.65E+14,65.612298,daisy,,273.9053402,,,,,,,
151,1.65E+14,1.65E+14,222.8459082,,1.65E+14,59.282922,daisy,,282.1288302,,,,,,,
152,1.65E+14,1.65E+14,218.4652316,,1.65E+14,64.334433,daisy,,282.7996646,,,,,,,
152,1.65E+14,1.65E+14,212.5079382,,1.65E+14,61.088548,daisy,,273.5964862,,,,,,,
152,1.65E+14,1.65E+14,218.7858552,,1.65E+14,58.304381,daisy,,277.0902362,,,,,,,
153,1.65E+14,1.65E+14,224.7832165,,1.65E+14,60.684224,daisy,,285.4674405,,,,,,,
153,1.65E+14,1.65E+14,212.1998132,,1.65E+14,63.653496,daisy,,275.8533092,,,,,,,
153,1.65E+14,1.65E+14,217.3899182,,1.65E+14,61.801256,daisy,,279.1911742,,,,,,,
154,1.65E+14,1.65E+14,217.2400212,,1.65E+14,67.661413,daisy,,284.9014342,,,,,,,
154,1.65E+14,1.65E+14,215.0059592,,1.65E+14,66.029695,daisy,,281.0356542,,,,,,,
154,1.65E+14,1.65E+14,220.8930422,,1.65E+14,67.742871,daisy,,288.6359132,,,,,,,
155,1.65E+14,1.65E+14,219.1420012,,1.65E+14,67.595371,daisy,,286.7373722,,,,,,,
155,1.65E+14,1.65E+14,212.5522612,,1.65E+14,61.637454,daisy,,274.1897152,,,,,,,
155,1.65E+14,1.65E+14,224.8813772,,1.65E+14,63.961517,daisy,,288.8428942,,,,,,,
156,1.65E+14,1.65E+14,211.3986662,,1.65E+14,62.986413,daisy,,274.3850792,,,,,,,
156,1.65E+14,1.65E+14,218.9618972,,1.65E+14,62.498548,daisy,,281.4604452,,,,,,,
156,1.65E+14,1.65E+14,213.3490842,,1.65E+14,67.988861,daisy,,281.3379452,,,,,,,
157,1.65E+14,1.65E+14,219.3615842,,1.65E+14,63.190736,daisy,,282.5523202,,,,,,,
157,1.65E+14,1.65E+14,217.6114272,,1.65E+14,57.573183,daisy,,275.1846102,,,,,,,
157,1.65E+14,1.65E+14,219.8070532,,1.65E+14,58.161568,daisy,,277.9686212,,,,,,,
158,1.65E+14,1.65E+14,217.1549692,,1.65E+14,61.648548,daisy,,278.8035172,,,,,,,
158,1.65E+14,1.65E+14,218.0181462,,1.65E+14,79.800737,daisy,,297.8188832,,,,,,,
158,1.65E+14,1.65E+14,209.4820522,,1.65E+14,63.1536,daisy,,272.6356522,,,,,,,
159,1.65E+14,1.65E+14,225.5833042,,1.65E+14,64.968496,daisy,,290.5518002,,,,,,,
159,1.65E+14,1.65E+14,217.0070012,,1.65E+14,62.406204,daisy,,279.4132052,,,,,,,
159,1.65E+14,1.65E+14,218.2997612,,1.65E+14,63.680006,daisy,,281.9797672,,,,,,,
160,1.65E+14,1.65E+14,216.0208542,,1.65E+14,63.281412,daisy,,279.3022662,,,,,,,
160,1.65E+14,1.65E+14,218.1162216,,1.65E+14,55.635683,daisy,,273.7519046,,,,,,,
160,1.65E+14,1.65E+14,222.0777832,,1.65E+14,63.097714,daisy,,285.1754972,,,,,,,
161,1.65E+14,1.65E+14,221.3883562,,1.65E+14,62.931517,daisy,,284.3198732,,,,,,,
161,1.65E+14,1.65E+14,219.9576262,,1.65E+14,60.065631,daisy,,280.0232572,,,,,,,
161,1.65E+14,1.65E+14,218.3983552,,1.65E+14,67.081934,daisy,,285.4802892,,,,,,,
162,1.65E+14,1.65E+14,226.4635132,,1.65E+14,67.1611,daisy,,293.6246132,,,,,,,
162,1.65E+14,1.65E+14,225.4333552,,1.65E+14,68.066517,daisy,,293.4998722,,,,,,,
162,1.65E+14,1.65E+14,218.2337722,,1.65E+14,66.735683,daisy,,284.9694552,,,,,,,
163,1.65E+14,1.65E+14,223.6600752,,1.65E+14,68.486673,daisy,,292.1467482,,,,,,,
163,1.65E+14,1.65E+14,221.1656992,,1.65E+14,59.930214,daisy,,281.0959132,,,,,,,
163,1.65E+14,1.65E+14,223.3371582,,1.65E+14,64.746256,daisy,,288.0834142,,,,,,,
164,1.65E+14,1.65E+14,230.6917422,,1.65E+14,70.853236,daisy,,301.5449782,,,,,,,
164,1.65E+14,1.65E+14,227.6491372,,1.65E+14,74.818445,daisy,,302.4675822,,,,,,,
164,1.65E+14,1.65E+14,236.9733042,,1.65E+14,68.522038,daisy,,305.4953422,,,,,,,
165,1.65E+14,1.65E+14,230.1318462,,1.65E+14,67.912975,daisy,,298.0448212,,,,,,,
165,1.65E+14,1.65E+14,233.4161172,,1.65E+14,68.198028,daisy,,301.6141452,,,,,,,
165,1.65E+14,1.65E+14,232.0347622,,1.65E+14,69.774695,daisy,,301.8094572,,,,,,,
166,1.65E+14,1.65E+14,237.3135652,,1.65E+14,64.376361,daisy,,301.6899262,,,,,,,
166,1.65E+14,1.65E+14,242.6866912,,1.65E+14,61.703132,daisy,,304.3898232,,,,,,,
166,1.65E+14,1.65E+14,247.5627852,,1.65E+14,80.03954,daisy,,327.6023252,,,,,,,
167,1.65E+14,1.65E+14,242.0518992,,1.65E+14,63.908079,daisy,,305.9599782,,,,,,,
167,1.65E+14,1.65E+14,241.6259116,,1.65E+14,68.92584,daisy,,310.5517516,,,,,,,
168,1.65E+14,1.65E+14,245.0379942,,1.65E+14,72.069226,daisy,,317.1072202,,,,,,,
168,1.65E+14,1.65E+14,256.7253916,,1.65E+14,77.446623,daisy,,334.1720146,,,,,,,
168,1.65E+14,1.65E+14,246.8014312,,1.65E+14,68.852403,daisy,,315.6538342,,,,,,,
169,1.65E+14,1.65E+14,257.1736722,,1.65E+14,75.121206,daisy,,332.2948782,,,,,,,
169,1.65E+14,1.65E+14,252.3376292,,1.65E+14,81.566623,daisy,,333.9042522,,,,,,,
169,1.65E+14,1.65E+14,246.1717962,,1.65E+14,69.512767,daisy,,315.6845632,,,,,,,
170,1.65E+14,1.65E+14,258.1604432,,1.65E+14,71.127715,daisy,,329.2881582,,,,,,,
170,1.65E+14,1.65E+14,253.2069165,,1.65E+14,76.092768,daisy,,329.2996845,,,,,,,
171,1.65E+14,1.65E+14,250.3708062,,1.65E+14,109.140688,daisy,,359.5114942,,,,,,,
171,1.65E+14,1.65E+14,250.5373162,,1.65E+14,77.782872,daisy,,328.3201882,,,,,,,
171,1.65E+14,1.65E+14,257.7360152,,1.65E+14,71.568184,daisy,,329.3041992,,,,,,,
172,1.65E+14,1.65E+14,251.0859116,,1.65E+14,81.717508,daisy,,332.8034196,,,,,,,
172,1.65E+14,1.65E+14,251.9421616,,1.65E+14,72.172143,daisy,,324.1143046,,,,,,,
172,1.65E+14,1.65E+14,254.9736722,,1.65E+14,78.400945,daisy,,333.3746172,,,,,,,
173,1.65E+14,1.65E+14,250.3638792,,1.65E+14,68.616517,daisy,,318.9803962,,,,,,,
173,1.65E+14,1.65E+14,258.4088816,,1.65E+14,80.90157,daisy,,339.3104516,,,,,,,
173,1.65E+14,1.65E+14,257.8428382,,1.65E+14,74.416778,daisy,,332.2596162,,,,,,,
174,1.65E+14,1.65E+14,249.2286712,,1.65E+14,66.13584,daisy,,315.3645112,,,,,,,
174,1.65E+14,1.65E+14,258.2566922,,1.65E+14,78.809383,daisy,,337.0660752,,,,,,,
174,1.65E+14,1.65E+14,247.7826812,,1.65E+14,67.858132,daisy,,315.6408132,,,,,,,
175,1.65E+14,1.65E+14,247.9873692,,1.65E+14,70.293028,daisy,,318.2803972,,,,,,,
175,1.65E+14,1.65E+14,250.3915352,,1.65E+14,70.806101,daisy,,321.1976362,,,,,,,
176,1.65E+14,1.65E+14,254.9846612,,1.65E+14,76.165216,daisy,,331.1498772,,,,,,,
176,1.65E+14,1.65E+14,253.9512752,,1.65E+14,80.556206,daisy,,334.5074812,,,,,,,
176,1.65E+14,1.65E+14,254.7708592,,1.65E+14,75.139747,daisy,,329.9106062,,,,,,,
177,1.65E+14,1.65E+14,254.5362752,,1.65E+14,76.414226,daisy,,330.9505012,,,,,,,
177,1.65E+14,1.65E+14,247.9372652,,1.65E+14,73.131361,daisy,,321.0686262,,,,,,,
177,1.65E+14,1.65E+14,256.8622652,,1.65E+14,71.380007,daisy,,328.2422722,,,,,,,
178,1.65E+14,1.65E+14,256.8177862,,1.65E+14,66.844173,daisy,,323.6619592,,,,,,,
178,1.65E+14,1.65E+14,254.0047652,,1.65E+14,78.780685,daisy,,332.7854502,,,,,,,
179,1.65E+14,1.65E+14,250.7622132,,1.65E+14,77.558393,daisy,,328.3206062,,,,,,,
179,1.65E+14,1.65E+14,260.9573182,,1.65E+14,81.727456,daisy,,342.6847742,,,,,,,
179,1.65E+14,1.65E+14,251.6002342,,1.65E+14,71.596414,daisy,,323.1966482,,,,,,,
180,1.65E+14,1.65E+14,248.4487232,,1.65E+14,75.093601,daisy,,323.5423242,,,,,,,
180,1.65E+14,1.65E+14,251.3729942,,1.65E+14,73.164122,daisy,,324.5371162,,,,,,,
180,1.65E+14,1.65E+14,249.2934112,,1.65E+14,72.298966,daisy,,321.5923772,,,,,,,
181,1.65E+14,1.65E+14,256.9944012,,1.65E+14,72.135788,daisy,,329.1301892,,,,,,,
181,1.65E+14,1.65E+14,255.1877862,,1.65E+14,68.65683,daisy,,323.8446162,,,,,,,
181,1.65E+14,1.65E+14,246.6608062,,1.65E+14,69.985632,daisy,,316.6464382,,,,,,,
182,1.65E+14,1.65E+14,256.4446612,,1.65E+14,72.23657,daisy,,328.6812312,,,,,,,
182,1.65E+14,1.65E+14,249.5980982,,1.65E+14,97.161677,daisy,,346.7597752,,,,,,,
183,1.65E+14,1.65E+14,250.3669165,,1.65E+14,76.713393,daisy,,327.0803095,,,,,,,
183,1.65E+14,1.65E+14,252.6605462,,1.65E+14,77.02782,daisy,,329.6883662,,,,,,,
183,1.65E+14,1.65E+14,260.0730992,,1.65E+14,70.806517,daisy,,330.8796162,,,,,,,
184,1.65E+14,1.65E+14,247.2995042,,1.65E+14,66.472923,daisy,,313.7724272,,,,,,,
184,1.65E+14,1.65E+14,261.8745572,,1.65E+14,71.488393,daisy,,333.3629502,,,,,,,
184,1.65E+14,1.65E+14,254.9240882,,1.65E+14,73.423965,daisy,,328.3480532,,,,,,,
185,1.65E+14,1.65E+14,247.2768482,,1.65E+14,72.560268,daisy,,319.8371162,,,,,,,
185,1.65E+14,1.65E+14,252.8067962,,1.65E+14,78.579487,daisy,,331.3862832,,,,,,,
186,1.65E+14,1.65E+14,251.3285672,,1.65E+14,70.463809,daisy,,321.7923762,,,,,,,
186,1.65E+14,1.65E+14,246.8445562,,1.65E+14,80.890997,daisy,,327.7355532,,,,,,,
186,1.65E+14,1.65E+14,250.5594165,,1.65E+14,103.519281,daisy,,354.0786975,,,,,,,
187,1.65E+14,1.65E+14,250.5398172,,1.65E+14,73.55032,daisy,,324.0901372,,,,,,,
187,1.65E+14,1.65E+14,256.7909632,,1.65E+14,75.527977,daisy,,332.3189402,,,,,,,
187,1.65E+14,1.65E+14,245.8501282,,1.65E+14,72.635788,daisy,,318.4859162,,,,,,,
188,1.65E+14,1.65E+14,252.5821092,,1.65E+14,72.791465,daisy,,325.3735742,,,,,,,
188,1.65E+14,1.65E+14,250.4099732,,1.65E+14,68.834799,daisy,,319.2447722,,,,,,,
188,1.65E+14,1.65E+14,254.9199742,,1.65E+14,78.09558,daisy,,333.0155542,,,,,,,
189,1.65E+14,1.65E+14,250.3611182,,1.65E+14,72.685007,daisy,,323.0461252,,,,,,,
189,1.65E+14,1.65E+14,251.8236716,,1.65E+14,69.430997,daisy,,321.2546686,,,,,,,
190,1.65E+14,1.65E+14,254.5916416,,1.65E+14,78.175893,daisy,,332.7675346,,,,,,,
190,1.65E+14,1.65E+14,252.3536192,,1.65E+14,72.344538,daisy,,324.6981572,,,,,,,
190,1.65E+14,1.65E+14,248.4477852,,1.65E+14,74.353601,daisy,,322.8013862,,,,,,,
191,1.65E+14,1.65E+14,254.9413272,,1.65E+14,78.128757,daisy,,333.0700842,,,,,,,
191,1.65E+14,1.65E+14,253.8195572,,1.65E+14,74.869643,daisy,,328.6892002,,,,,,,
191,1.65E+14,1.65E+14,248.3689832,,1.65E+14,72.498653,daisy,,320.8676362,,,,,,,
192,1.65E+14,1.65E+14,256.8118482,,1.65E+14,80.10756,daisy,,336.9194082,,,,,,,
192,1.65E+14,1.65E+14,252.8565882,,1.65E+14,72.485216,daisy,,325.3418042,,,,,,,
192,1.65E+14,1.65E+14,252.4840352,,1.65E+14,71.166674,daisy,,323.6507092,,,,,,,
193,1.65E+14,1.65E+14,259.1465882,,1.65E+14,70.892351,daisy,,330.0389392,,,,,,,
193,1.65E+14,1.65E+14,257.0133592,,1.65E+14,71.252611,daisy,,328.2659702,,,,,,,
194,1.65E+14,1.65E+14,253.3933592,,1.65E+14,68.207194,daisy,,321.6005532,,,,,,,
194,1.65E+14,1.65E+14,260.1247132,,1.65E+14,72.08032,daisy,,332.2050332,,,,,,,
194,1.65E+14,1.65E+14,256.0791416,,1.65E+14,78.749955,daisy,,334.8290966,,,,,,,
195,1.65E+14,1.65E+14,249.6090872,,1.65E+14,73.658809,daisy,,323.2678962,,,,,,,
195,1.65E+14,1.65E+14,246.9713262,,1.65E+14,68.025528,daisy,,314.9968542,,,,,,,
195,1.65E+14,1.65E+14,253.6905982,,1.65E+14,65.756361,daisy,,319.4469592,,,,,,,
196,1.65E+14,1.65E+14,250.4599732,,1.65E+14,73.906987,daisy,,324.3669602,,,,,,,
196,1.65E+14,1.65E+14,250.0808582,,1.65E+14,66.17209,daisy,,316.2529482,,,,,,,
197,1.65E+14,1.65E+14,253.5469532,,1.65E+14,76.008028,daisy,,329.5549812,,,,,,,
197,1.65E+14,1.65E+14,253.8083582,,1.65E+14,72.744435,daisy,,326.5527932,,,,,,,
197,1.65E+14,1.65E+14,248.5894522,,1.65E+14,82.670998,daisy,,331.2604502,,,,,,,
198,1.65E+14,1.65E+14,250.3511192,,1.65E+14,78.932039,daisy,,329.2831582,,,,,,,
198,1.65E+14,1.65E+14,252.9506516,,1.65E+14,74.147404,daisy,,327.0980556,,,,,,,
198,1.65E+14,1.65E+14,247.3322642,,1.65E+14,66.00334,daisy,,313.3356042,,,,,,,
199,1.65E+14,1.65E+14,250.8374732,,1.65E+14,78.483185,daisy,,329.3206582,,,,,,,
199,1.65E+14,1.65E+14,246.1183062,,1.65E+14,73.099174,daisy,,319.2174802,,,,,,,
199,1.65E+14,1.65E+14,252.3811712,,1.65E+14,78.516257,daisy,,330.8974282,,,,,,,
200,1.65E+14,1.65E+14,250.9050252,,1.65E+14,75.841518,daisy,,326.7465432,,,,,,,
200,1.65E+14,1.65E+14,246.4653892,,1.65E+14,73.924435,daisy,,320.3898242,,,,,,,
201,1.65E+14,1.65E+14,252.5919532,,1.65E+14,70.801466,daisy,,323.3934192,,,,,,,
201,1.65E+14,1.65E+14,246.0114832,,1.65E+14,73.79933,daisy,,319.8108132,,,,,,,
201,1.65E+14,1.65E+14,251.4850252,,1.65E+14,69.739225,daisy,,321.2242502,,,,,,,
202,1.65E+14,1.65E+14,253.8947642,,1.65E+14,86.788446,daisy,,340.6832102,,,,,,,
202,1.65E+14,1.65E+14,247.6478372,,1.65E+14,67.178028,daisy,,314.8258652,,,,,,,
202,1.65E+14,1.65E+14,250.9416922,,1.65E+14,71.010007,daisy,,321.9516992,,,,,,,
203,1.65E+14,1.65E+14,247.0589316,,1.65E+14,68.227142,daisy,,315.2860736,,,,,,,
203,1.65E+14,1.65E+14,261.1804432,,1.65E+14,69.379329,daisy,,330.5597722,,,,,,,
203,1.65E+14,1.65E+14,249.5853892,,1.65E+14,74.306258,daisy,,323.8916472,,,,,,,
204,1.65E+14,1.65E+14,251.3899212,,1.65E+14,66.221777,daisy,,317.6116982,,,,,,,
204,1.65E+14,1.65E+14,255.0577342,,1.65E+14,81.711519,daisy,,336.7692532,,,,,,,
205,1.65E+14,1.65E+14,247.6480452,,1.65E+14,99.216833,daisy,,346.8648782,,,,,,,
205,1.65E+14,1.65E+14,246.7391912,,1.65E+14,71.743601,daisy,,318.4827922,,,,,,,
205,1.65E+14,1.65E+14,257.6819012,,1.65E+14,77.361466,daisy,,335.0433672,,,,,,,
206,1.65E+14,1.65E+14,247.3262232,,1.65E+14,77.853133,daisy,,325.1793562,,,,,,,
206,1.65E+14,1.65E+14,249.4610672,,1.65E+14,70.975059,daisy,,320.4361262,,,,,,,
206,1.65E+14,1.65E+14,258.9423172,,1.65E+14,70.582246,daisy,,329.5245632,,,,,,,
207,1.65E+14,1.65E+14,254.0101812,,1.65E+14,74.754799,daisy,,328.7649802,,,,,,,
207,1.65E+14,1.65E+14,250.0017952,,1.65E+14,91.860895,daisy,,341.8626902,,,,,,,
207,1.65E+14,1.65E+14,245.3413782,,1.65E+14,69.409226,daisy,,314.7506042,,,,,,,
208,1.65E+14,1.65E+14,254.0216416,,1.65E+14,71.71558,daisy,,325.7372216,,,,,,,
208,1.65E+14,1.65E+14,256.3325252,,1.65E+14,72.712924,daisy,,329.0454492,,,,,,,
209,1.65E+14,1.65E+14,246.4481492,,1.65E+14,72.610163,daisy,,319.0583122,,,,,,,
209,1.65E+14,1.65E+14,256.2575782,,1.65E+14,72.540841,daisy,,328.7984192,,,,,,,
209,1.65E+14,1.65E+14,252.3655462,,1.65E+14,69.866309,daisy,,322.2318552,,,,,,,
210,1.65E+14,1.65E+14,246.4876812,,1.65E+14,68.689277,daisy,,315.1769582,,,,,,,
210,1.65E+14,1.65E+14,254.1430462,,1.65E+14,71.748497,daisy,,325.8915432,,,,,,,
210,1.65E+14,1.65E+14,255.0565882,,1.65E+14,75.349799,daisy,,330.4063872,,,,,,,
211,1.65E+14,1.65E+14,250.4998682,,1.65E+14,74.657508,daisy,,325.1573762,,,,,,,
211,1.65E+14,1.65E+14,249.8002862,,1.65E+14,80.016206,daisy,,329.8164922,,,,,,,
212,1.65E+14,1.65E+14,257.6005992,,1.65E+14,65.31584,daisy,,322.9164392,,,,,,,
212,1.65E+14,1.65E+14,251.8625772,,1.65E+14,65.19235,daisy,,317.0549272,,,,,,,
212,1.65E+14,1.65E+14,254.3774732,,1.65E+14,71.706674,daisy,,326.0841472,,,,,,,
213,1.65E+14,1.65E+14,254.1333072,,1.65E+14,73.16308,daisy,,327.2963872,,,,,,,
213,1.65E+14,1.65E+14,250.1014312,,1.65E+14,66.206517,daisy,,316.3079482,,,,,,,
213,1.65E+14,1.65E+14,257.4085152,,1.65E+14,69.955684,daisy,,327.3641992,,,,,,,
214,1.65E+14,1.65E+14,264.6004952,,1.65E+14,73.236674,daisy,,337.8371692,,,,,,,
214,1.65E+14,1.65E+14,248.0943472,,1.65E+14,79.09532,daisy,,327.1896672,,,,,,,
214,1.65E+14,1.65E+14,246.1324722,,1.65E+14,72.325996,daisy,,318.4584682,,,,,,,
215,1.65E+14,1.65E+14,255.8792452,,1.65E+14,65.347454,daisy,,321.2266992,,,,,,,
215,1.65E+14,1.65E+14,250.9695572,,1.65E+14,64.97834,daisy,,315.9478972,,,,,,,
216,1.65E+14,1.65E+14,253.4124732,,1.65E+14,71.911362,daisy,,325.3238352,,,,,,,
216,1.65E+14,1.65E+14,257.2612762,,1.65E+14,73.333653,daisy,,330.5949292,,,,,,,
216,1.65E+14,1.65E+14,248.8469512,,1.65E+14,71.690736,daisy,,320.5376872,,,,,,,
217,1.65E+14,1.65E+14,257.0388816,,1.65E+14,75.755633,daisy,,332.7945146,,,,,,,
217,1.65E+14,1.65E+14,250.5299732,,1.65E+14,69.768861,daisy,,320.2988342,,,,,,,
217,1.65E+14,1.65E+14,252.1699732,,1.65E+14,73.65584,daisy,,325.8258132,,,,,,,
218,1.65E+14,1.65E+14,252.9410672,,1.65E+14,69.211569,daisy,,322.1526362,,,,,,,
218,1.65E+14,1.65E+14,253.2007022,,1.65E+14,74.365059,daisy,,327.5657612,,,,,,,
218,1.65E+14,1.65E+14,251.4892442,,1.65E+14,69.921622,daisy,,321.4108662,,,,,,,
219,1.65E+14,1.65E+14,248.1259116,,1.65E+14,79.968705,daisy,,328.0946166,,,,,,,
219,1.65E+14,1.65E+14,259.5225782,,1.65E+14,82.991571,daisy,,342.5141492,,,,,,,
220,1.65E+14,1.65E+14,247.6732022,,1.65E+14,69.50709,daisy,,317.1802922,,,,,,,
220,1.65E+14,1.65E+14,251.6834112,,1.65E+14,81.773394,daisy,,333.4568052,,,,,,,
220,1.65E+14,1.65E+14,252.2470042,,1.65E+14,77.447507,daisy,,329.6945112,,,,,,,
221,1.65E+14,1.65E+14,253.8952342,,1.65E+14,73.846257,daisy,,327.7414912,,,,,,,
221,1.65E+14,1.65E+14,248.7927852,,1.65E+14,69.696986,daisy,,318.4897712,,,,,,,
221,1.65E+14,1.65E+14,254.6849222,,1.65E+14,72.20308,daisy,,326.8880022,,,,,,,
222,1.65E+14,1.65E+14,250.3584632,,1.65E+14,73.354227,daisy,,323.7126902,,,,,,,
222,1.65E+14,1.65E+14,253.8934632,,1.65E+14,77.941258,daisy,,331.8347212,,,,,,,
223,1.65E+14,1.65E+14,254.4492442,,1.65E+14,76.83157,daisy,,331.2808142,,,,,,,
223,1.65E+14,1.65E+14,252.3030982,,1.65E+14,75.046726,daisy,,327.3498242,,,,,,,
223,1.65E+14,1.65E+14,259.4725782,,1.65E+14,71.818393,daisy,,331.2909712,,,,,,,
224,1.65E+14,1.65E+14,251.0492442,,1.65E+14,74.724956,daisy,,325.7742002,,,,,,,
224,1.65E+14,1.65E+14,250.1551292,,1.65E+14,67.59558,daisy,,317.7507092,,,,,,,
224,1.65E+14,1.65E+14,254.1011712,,1.65E+14,79.315737,daisy,,333.4169082,,,,,,,
225,1.65E+14,1.65E+14,252.2290882,,1.65E+14,81.213706,daisy,,333.4427942,,,,,,,
225,1.65E+14,1.65E+14,249.6161192,,1.65E+14,68.986309,daisy,,318.6024282,,,,,,,
225,1.65E+14,1.65E+14,254.7905982,,1.65E+14,75.795008,daisy,,330.5856062,,,,,,,
226,1.65E+14,1.65E+14,251.6295562,,1.65E+14,81.180894,daisy,,332.8104502,,,,,,,
226,1.65E+14,1.65E+14,247.4586712,,1.65E+14,88.763186,daisy,,336.2218572,,,,,,,
227,1.65E+14,1.65E+14,248.0678372,,1.65E+14,72.002976,daisy,,320.0708132,,,,,,,
227,1.65E+14,1.65E+14,259.4995052,,1.65E+14,80.404539,daisy,,339.9040442,,,,,,,
227,1.65E+14,1.65E+14,252.4124732,,1.65E+14,70.329017,daisy,,322.7414902,,,,,,,
228,1.65E+14,1.65E+14,249.9450252,,1.65E+14,69.20959,daisy,,319.1546152,,,,,,,
228,1.65E+14,1.65E+14,257.5684122,,1.65E+14,68.164538,daisy,,325.7329502,,,,,,,
228,1.65E+14,1.65E+14,261.3415882,,1.65E+14,72.386257,daisy,,333.7278452,,,,,,,
229,1.65E+14,1.65E+14,250.2958582,,1.65E+14,68.973809,daisy,,319.2696672,,,,,,,
229,1.65E+14,1.65E+14,256.5760672,,1.65E+14,70.761622,daisy,,327.3376892,,,,,,,
229,1.65E+14,1.65E+14,254.0984112,,1.65E+14,71.25631,daisy,,325.3547212,,,,,,,
230,1.65E+14,1.65E+14,248.9021082,,1.65E+14,67.93959,daisy,,316.8416982,,,,,,,
230,1.65E+14,1.65E+14,256.3265362,,1.65E+14,72.74209,daisy,,329.0686262,,,,,,,
231,1.65E+14,1.65E+14,256.3940882,,1.65E+14,71.487402,daisy,,327.8814902,,,,,,,
231,1.65E+14,1.65E+14,248.9265882,,1.65E+14,71.371049,daisy,,320.2976372,,,,,,,
231,1.65E+14,1.65E+14,258.2436192,,1.65E+14,74.551362,daisy,,332.7949812,,,,,,,
232,1.65E+14,1.65E+14,258.6963816,,1.65E+14,71.526153,daisy,,330.2225346,,,,,,,
232,1.65E+14,1.65E+14,250.1108062,,1.65E+14,105.372771,daisy,,355.4835772,,,,,,,
232,1.65E+14,1.65E+14,246.0874732,,1.65E+14,72.49157,daisy,,318.5790432,,,,,,,
233,1.65E+14,1.65E+14,252.9770562,,1.65E+14,71.412195,daisy,,324.3892512,,,,,,,
233,1.65E+14,1.65E+14,252.5218482,,1.65E+14,70.007716,daisy,,322.5295642,,,,,,,
234,1.65E+14,1.65E+14,254.7851316,,1.65E+14,76.055424,daisy,,330.8405556,,,,,,,
234,1.65E+14,1.65E+14,253.8578382,,1.65E+14,74.131622,daisy,,327.9894602,,,,,,,
234,1.65E+14,1.65E+14,246.1784622,,1.65E+14,72.250892,daisy,,318.4293542,,,,,,,
235,1.65E+14,1.65E+14,257.1038282,,1.65E+14,75.420476,daisy,,332.5243042,,,,,,,
235,1.65E+14,1.65E+14,245.2073682,,1.65E+14,76.660216,daisy,,321.8675842,,,,,,,
235,1.65E+14,1.65E+14,258.4244532,,1.65E+14,71.465892,daisy,,329.8903452,,,,,,,
236,1.65E+14,1.65E+14,248.2216912,,1.65E+14,68.078965,daisy,,316.3006562,,,,,,,
236,1.65E+14,1.65E+14,258.2618492,,1.65E+14,74.343236,daisy,,332.6050852,,,,,,,
236,1.65E+14,1.65E+14,252.4671612,,1.65E+14,82.161102,daisy,,334.6282632,,,,,,,
237,1.65E+14,1.65E+14,251.1132022,,1.65E+14,89.607509,daisy,,340.7207112,,,,,,,
237,1.65E+14,1.65E+14,248.6097652,,1.65E+14,76.340216,daisy,,324.9499812,,,,,,,
238,1.65E+14,1.65E+14,253.1147132,,1.65E+14,81.947769,daisy,,335.0624822,,,,,,,
238,1.65E+14,1.65E+14,254.4959632,,1.65E+14,80.328029,daisy,,334.8239922,,,,,,,
238,1.65E+14,1.65E+14,254.8280982,,1.65E+14,67.485423,daisy,,322.3135212,,,,,,,
239,1.65E+14,1.65E+14,259.9651822,,1.65E+14,78.289695,daisy,,338.2548772,,,,,,,
239,1.65E+14,1.65E+14,252.7751822,,1.65E+14,75.521518,daisy,,328.2967002,,,,,,,
239,1.65E+14,1.65E+14,254.3969165,,1.65E+14,80.150164,daisy,,334.5470805,,,,,,,
240,1.65E+14,1.65E+14,251.8468482,,1.65E+14,73.983757,daisy,,325.8306052,,,,,,,
240,1.65E+14,1.65E+14,250.9128916,,1.65E+14,69.242924,daisy,,320.1558156,,,,,,,
240,1.65E+14,1.65E+14,256.3594522,,1.65E+14,74.973913,daisy,,331.3333652,,,,,,,
241,1.65E+14,1.65E+14,249.9942962,,1.65E+14,71.749695,daisy,,321.7439912,,,,,,,
241,1.65E+14,1.65E+14,254.9179422,,1.65E+14,66.427403,daisy,,321.3453452,,,,,,,
242,1.65E+14,1.65E+14,254.0783592,,1.65E+14,72.791778,daisy,,326.8701372,,,,,,,
242,1.65E+14,1.65E+14,247.3522122,,1.65E+14,73.08808,daisy,,320.4402922,,,,,,,
242,1.65E+14,1.65E+14,252.9492962,,1.65E+14,72.783081,daisy,,325.7323772,,,,,,,
243,1.65E+14,1.65E+14,254.2862752,,1.65E+14,74.853028,daisy,,329.1393032,,,,,,,
243,1.65E+14,1.65E+14,252.8332552,,1.65E+14,74.520633,daisy,,327.3538882,,,,,,,
243,1.65E+14,1.65E+14,248.7315362,,1.65E+14,68.376674,daisy,,317.1082102,,,,,,,
244,1.65E+14,1.65E+14,252.5620562,,1.65E+14,75.433393,daisy,,327.9954492,,,,,,,
244,1.65E+14,1.65E+14,250.2046612,,1.65E+14,82.662404,daisy,,332.8670652,,,,,,,
245,1.65E+14,1.65E+14,251.7825772,,1.65E+14,71.772924,daisy,,323.5555012,,,,,,,
245,1.65E+14,1.65E+14,249.8794165,,1.65E+14,110.646938,daisy,,360.5263545,,,,,,,
245,1.65E+14,1.65E+14,255.5526822,,1.65E+14,71.604018,daisy,,327.1567002,,,,,,,
246,1.65E+14,1.65E+14,261.8375782,,1.65E+14,69.154121,daisy,,330.9916992,,,,,,,
246,1.65E+14,1.65E+14,253.6127342,,1.65E+14,71.402559,daisy,,325.0152932,,,,,,,
246,1.65E+14,1.65E+14,247.6365872,,1.65E+14,81.746519,daisy,,329.3831062,,,,,,,
247,1.65E+14,1.65E+14,249.2988272,,1.65E+14,73.137768,daisy,,322.4365952,,,,,,,
247,1.65E+14,1.65E+14,250.0106516,,1.65E+14,100.173448,daisy,,350.1840996,,,,,,,
247,1.65E+14,1.65E+14,247.8988782,,1.65E+14,72.888757,daisy,,320.7876352,,,,,,,
248,1.65E+14,1.65E+14,256.7020042,,1.65E+14,78.501674,daisy,,335.2036782,,,,,,,
248,1.65E+14,1.65E+14,256.7855992,,1.65E+14,79.541258,daisy,,336.3268572,,,,,,,
249,1.65E+14,1.65E+14,245.8529412,,1.65E+14,72.163653,daisy,,318.0165942,,,,,,,
249,1.65E+14,1.65E+14,253.2327342,,1.65E+14,72.784799,daisy,,326.0175332,,,,,,,
249,1.65E+14,1.65E+14,250.9392962,,1.65E+14,81.049279,daisy,,331.9885752,,,,,,,
250,1.65E+14,1.65E+14,246.6922122,,1.65E+14,73.679122,daisy,,320.3713342,,,,,,,
250,1.65E+14,1.65E+14,258.2357552,,1.65E+14,75.361883,daisy,,333.5976382,,,,,,,
250,1.65E+14,1.65E+14,253.0189842,,1.65E+14,79.62407,daisy,,332.6430542,,,,,,,
251,1.65E+14,1.65E+14,253.7916922,,1.65E+14,78.216727,daisy,,332.0084192,,,,,,,
251,1.65E+14,1.65E+14,250.6092442,,1.65E+14,66.891153,daisy,,317.5003972,,,,,,,
251,1.65E+14,1.65E+14,255.2442962,,1.65E+14,75.121518,daisy,,330.3658142,,,,,,,
252,1.65E+14,1.65E+14,252.0996616,,1.65E+14,84.948133,daisy,,337.0477946,,,,,,,
252,1.65E+14,1.65E+14,253.7135142,,1.65E+14,78.025737,daisy,,331.7392512,,,,,,,
253,1.65E+14,1.65E+14,256.6684112,,1.65E+14,76.968809,daisy,,333.6372202,,,,,,,
253,1.65E+14,1.65E+14,250.1235672,,1.65E+14,101.506781,daisy,,351.6303482,,,,,,,
253,1.65E+14,1.65E+14,248.6475772,,1.65E+14,71.69433,daisy,,320.3419072,,,,,,,
254,1.65E+14,1.65E+14,250.0067442,,1.65E+14,63.042975,daisy,,313.0497192,,,,,,,
254,1.65E+14,1.65E+14,257.4375782,,1.65E+14,69.532819,daisy,,326.9703972,,,,,,,
254,1.65E+14,1.65E+14,251.5211182,,1.65E+14,74.018236,daisy,,325.5393542,,,,,,,
255,1.65E+14,1.65E+14,252.0159116,,1.65E+14,77.234955,daisy,,329.2508666,,,,,,,
255,1.65E+14,1.65E+14,253.3093482,,1.65E+14,74.111257,daisy,,327.4206052,,,,,,,
256,1.65E+14,1.65E+14,251.8175252,,1.65E+14,71.220736,daisy,,323.0382612,,,,,,,
256,1.65E+14,1.65E+14,251.5988792,,1.65E+14,78.599851,daisy,,330.1987302,,,,,,,
256,1.65E+14,1.65E+14,256.2003916,,1.65E+14,77.70558,daisy,,333.9059716,,,,,,,
257,1.65E+14,1.65E+14,248.8980972,,1.65E+14,75.362612,daisy,,324.2607092,,,,,,,
257,1.65E+14,1.65E+14,251.0789312,,1.65E+14,66.383809,daisy,,317.4627402,,,,,,,
257,1.65E+14,1.65E+14,251.2792952,,1.65E+14,76.087351,daisy,,327.3666462,,,,,,,
258,1.65E+14,1.65E+14,254.2772652,,1.65E+14,75.593081,daisy,,329.8703462,,,,,,,
258,1.65E+14,1.65E+14,246.9977852,,1.65E+14,66.996621,daisy,,313.9944062,,,,,,,
258,1.65E+14,1.65E+14,255.4441416,,1.65E+14,76.119226,daisy,,331.5633676,,,,,,,
259,1.65E+14,1.65E+14,247.2917962,,1.65E+14,73.748289,daisy,,321.0400852,,,,,,,
259,1.65E+14,1.65E+14,251.9300252,,1.65E+14,70.765424,daisy,,322.6954492,,,,,,,
260,1.65E+14,1.65E+14,251.1465872,,1.65E+14,79.643914,daisy,,330.7905012,,,,,,,
260,1.65E+14,1.65E+14,253.0920052,,1.65E+14,65.784069,daisy,,318.8760742,,,,,,,
260,1.65E+14,1.65E+14,253.9439842,,1.65E+14,74.525424,daisy,,328.4694082,,,,,,,
261,1.65E+14,1.65E+14,251.9497652,,1.65E+14,67.9336,daisy,,319.8833652,,,,,,,
261,1.65E+14,1.65E+14,254.5309622,,1.65E+14,75.932143,daisy,,330.4631052,,,,,,,
261,1.65E+14,1.65E+14,251.4595042,,1.65E+14,74.322508,daisy,,325.7820122,,,,,,,
262,1.65E+14,1.65E+14,253.1975772,,1.65E+14,74.551206,daisy,,327.7487832,,,,,,,
262,1.65E+14,1.65E+14,260.8128916,,1.65E+14,82.43256,daisy,,343.2454516,,,,,,,
262,1.65E+14,1.65E+14,249.5869165,,1.65E+14,68.556517,daisy,,318.1434335,,,,,,,
263,1.65E+14,1.65E+14,249.8824212,,1.65E+14,66.522038,daisy,,316.4044592,,,,,,,
263,1.65E+14,1.65E+14,257.3631512,,1.65E+14,69.16433,daisy,,326.5274812,,,,,,,
264,1.65E+14,1.65E+14,252.2282032,,1.65E+14,76.565685,daisy,,328.7938882,,,,,,,
264,1.65E+14,1.65E+14,250.3886192,,1.65E+14,99.561364,daisy,,349.9499832,,,,,,,
264,1.65E+14,1.65E+14,247.6016392,,1.65E+14,79.437664,daisy,,327.0393032,,,,,,,
265,1.65E+14,1.65E+14,247.8083062,,1.65E+14,65.546881,daisy,,313.3551872,,,,,,,
265,1.65E+14,1.65E+14,247.9604942,,1.65E+14,67.683653,daisy,,315.6441472,,,,,,,
265,1.65E+14,1.65E+14,257.8007552,,1.65E+14,70.664278,daisy,,328.4650332,,,,,,,
266,1.65E+14,1.65E+14,249.7660152,,1.65E+14,69.278757,daisy,,319.0447722,,,,,,,
266,1.65E+14,1.65E+14,255.4215362,,1.65E+14,72.405268,daisy,,327.8268042,,,,,,,
267,1.65E+14,1.65E+14,258.0142962,,1.65E+14,71.699642,daisy,,329.7139382,,,,,,,
267,1.65E+14,1.65E+14,247.0861712,,1.65E+14,67.969746,daisy,,315.0559172,,,,,,,
267,1.65E+14,1.65E+14,252.7317442,,1.65E+14,77.638498,daisy,,330.3702422,,,,,,,
268,1.65E+14,1.65E+14,257.9673692,,1.65E+14,77.978393,daisy,,335.9457622,,,,,,,
268,1.65E+14,1.65E+14,250.0770562,,1.65E+14,110.822928,daisy,,360.8999842,,,,,,,
268,1.65E+14,1.65E+14,254.1795572,,1.65E+14,73.859486,daisy,,328.0390432,,,,,,,
269,1.65E+14,1.65E+14,252.3914832,,1.65E+14,74.285997,daisy,,326.6774802,,,,,,,
269,1.65E+14,1.65E+14,254.9251292,,1.65E+14,75.233757,daisy,,330.1588862,,,,,,,
269,1.65E+14,1.65E+14,248.2627852,,1.65E+14,67.342298,daisy,,315.6050832,,,,,,,
270,1.65E+14,1.65E+14,252.0798682,,1.65E+14,71.006465,daisy,,323.0863332,,,,,,,
270,1.65E+14,1.65E+14,253.3709632,,1.65E+14,67.503548,daisy,,320.8745112,,,,,,,
271,1.65E+14,1.65E+14,254.3330462,,1.65E+14,80.275945,daisy,,334.6089912,,,,,,,
271,1.65E+14,1.65E+14,250.0500252,,1.65E+14,71.725632,daisy,,321.7756572,,,,,,,
271,1.65E+14,1.65E+14,254.0298172,,1.65E+14,74.104383,daisy,,328.1342002,,,,,,,
272,1.65E+14,1.65E+14,247.9322122,,1.65E+14,65.973028,daisy,,313.9052402,,,,,,,
272,1.65E+14,1.65E+14,247.3725252,,1.65E+14,71.24058,daisy,,318.6131052,,,,,,,
272,1.65E+14,1.65E+14,250.8783062,,1.65E+14,70.634174,daisy,,321.5124802,,,,,,,
273,1.65E+14,1.65E+14,250.0277332,,1.65E+14,79.696102,daisy,,329.7238352,,,,,,,
273,1.65E+14,1.65E+14,255.9286722,,1.65E+14,78.656571,daisy,,334.5852432,,,,,,,
273,1.65E+14,1.65E+14,248.8817962,,1.65E+14,71.933132,daisy,,320.8149282,,,,,,,
274,1.65E+14,1.65E+14,249.8607542,,1.65E+14,77.78381,daisy,,327.6445642,,,,,,,
274,1.65E+14,1.65E+14,253.5477332,,1.65E+14,73.256726,daisy,,326.8044592,,,,,,,
275,1.65E+14,1.65E+14,253.2805982,,1.65E+14,72.587455,daisy,,325.8680532,,,,,,,
275,1.65E+14,1.65E+14,253.8310672,,1.65E+14,73.68459,daisy,,327.5156572,,,,,,,
275,1.65E+14,1.65E+14,252.4804942,,1.65E+14,74.372716,daisy,,326.8532102,,,,,,,
276,1.65E+14,1.65E+14,250.2006516,,1.65E+14,72.011206,daisy,,322.2118576,,,,,,,
276,1.65E+14,1.65E+14,247.1176292,,1.65E+14,67.736986,daisy,,314.8546152,,,,,,,
276,1.65E+14,1.65E+14,259.0527352,,1.65E+14,70.998705,daisy,,330.0514402,,,,,,,
277,1.65E+14,1.65E+14,253.9346092,,1.65E+14,68.774278,daisy,,322.7088872,,,,,,,
277,1.65E+14,1.65E+14,252.7176292,,1.65E+14,76.003028,daisy,,328.7206572,,,,,,,
278,1.65E+14,1.65E+14,258.3104432,,1.65E+14,74.874852,daisy,,333.1852952,,,,,,,
278,1.65E+14,1.65E+14,246.8914832,,1.65E+14,69.165059,daisy,,316.0565422,,,,,,,
278,1.65E+14,1.65E+14,247.1759622,,1.65E+14,80.481936,daisy,,327.6578982,,,,,,,
279,1.65E+14,1.65E+14,253.1917962,,1.65E+14,68.751517,daisy,,321.9433132,,,,,,,
279,1.65E+14,1.65E+14,253.4189312,,1.65E+14,65.326829,daisy,,318.7457602,,,,,,,
279,1.65E+14,1.65E+14,258.2639842,,1.65E+14,70.812298,daisy,,329.0762822,,,,,,,
280,1.65E+14,1.65E+14,252.3972132,,1.65E+14,79.399956,daisy,,331.7971692,,,,,,,
280,1.65E+14,1.65E+14,251.6221616,,1.65E+14,81.663133,daisy,,333.2852946,,,,,,,
280,1.65E+14,1.65E+14,251.5618482,,1.65E+14,70.869486,daisy,,322.4313342,,,,,,,
281,1.65E+14,1.65E+14,249.6555972,,1.65E+14,73.851674,daisy,,323.5072712,,,,,,,
281,1.65E+14,1.65E+14,253.3225252,,1.65E+14,75.363758,daisy,,328.6862832,,,,,,,
282,1.65E+14,1.65E+14,251.1210142,,1.65E+14,70.367351,daisy,,321.4883652,,,,,,,
282,1.65E+14,1.65E+14,252.5313272,,1.65E+14,75.935945,daisy,,328.4672722,,,,,,,
282,1.65E+14,1.65E+14,255.1229942,,1.65E+14,71.013757,daisy,,326.1367512,,,,,,,
283,1.65E+14,1.65E+14,254.9973692,,1.65E+14,69.524486,daisy,,324.5218552,,,,,,,
283,1.65E+14,1.65E+14,250.2619165,,1.65E+14,65.155579,daisy,,315.4174955,,,,,,,
283,1.65E+14,1.65E+14,255.7116416,,1.65E+14,67.67683,daisy,,323.3884716,,,,,,,
284,1.65E+14,1.65E+14,250.3436192,,1.65E+14,71.981309,daisy,,322.3249282,,,,,,,
284,1.65E+14,1.65E+14,260.9728916,,1.65E+14,78.848706,daisy,,339.8215976,,,,,,,
284,1.65E+14,1.65E+14,247.5713792,,1.65E+14,73.755632,daisy,,321.3270112,,,,,,,
285,1.65E+14,1.65E+14,256.0959632,,1.65E+14,68.008444,daisy,,324.1044072,,,,,,,
285,1.65E+14,1.65E+14,255.0277862,,1.65E+14,73.802508,daisy,,328.8302942,,,,,,,
286,1.65E+14,1.65E+14,253.0669532,,1.65E+14,71.258236,daisy,,324.3251892,,,,,,,
286,1.65E+14,1.65E+14,249.2146616,,1.65E+14,75.243393,daisy,,324.4580546,,,,,,,
286,1.65E+14,1.65E+14,258.1410152,,1.65E+14,71.129799,daisy,,329.2708142,,,,,,,
287,1.65E+14,1.65E+14,255.3197652,,1.65E+14,70.320527,daisy,,325.6402922,,,,,,,
287,1.65E+14,1.65E+14,249.7150772,,1.65E+14,83.49907,daisy,,333.2141472,,,,,,,
287,1.65E+14,1.65E+14,246.3815352,,1.65E+14,68.508184,daisy,,314.8897192,,,,,,,
288,1.65E+14,1.65E+14,256.7238272,,1.65E+14,74.330996,daisy,,331.0548232,,,,,,,
288,1.65E+14,1.65E+14,254.5660672,,1.65E+14,77.751205,daisy,,332.3172722,,,,,,,
288,1.65E+14,1.65E+14,248.3034112,,1.65E+14,71.965893,daisy,,320.2693042,,,,,,,
289,1.65E+14,1.65E+14,255.2434112,,1.65E+14,77.16355,daisy,,332.4069612,,,,,,,
289,1.65E+14,1.65E+14,250.3503382,,1.65E+14,76.768393,daisy,,327.1187312,,,,,,,
290,1.65E+14,1.65E+14,255.4572652,,1.65E+14,78.808602,daisy,,334.2658672,,,,,,,
290,1.65E+14,1.65E+14,251.1640352,,1.65E+14,78.859852,daisy,,330.0238872,,,,,,,
290,1.65E+14,1.65E+14,247.9877852,,1.65E+14,69.503444,daisy,,317.4912292,,,,,,,
291,1.65E+14,1.65E+14,257.5174742,,1.65E+14,73.607924,daisy,,331.1253982,,,,,,,
291,1.65E+14,1.65E+14,254.3263792,,1.65E+14,79.245581,roses,,333.5719602,,,,,,,
291,1.65E+14,1.65E+14,250.8463792,,1.65E+14,78.990737,daisy,,329.8371162,,,,,,,
292,1.65E+14,1.65E+14,248.3989832,,1.65E+14,73.849955,daisy,,322.2489382,,,,,,,
292,1.65E+14,1.65E+14,252.0109116,,1.65E+14,78.741831,daisy,,330.7527426,,,,,,,
293,1.65E+14,1.65E+14,252.9704942,,1.65E+14,66.563757,daisy,,319.5342512,,,,,,,
293,1.65E+14,1.65E+14,263.1292452,,1.65E+14,76.467404,daisy,,339.5966492,,,,,,,
293,1.65E+14,1.65E+14,250.8398172,,1.65E+14,71.561726,daisy,,322.4015432,,,,,,,
294,1.65E+14,1.65E+14,252.1297652,,1.65E+14,69.669329,daisy,,321.7990942,,,,,,,
294,1.65E+14,1.65E+14,261.3545572,,1.65E+14,76.496831,daisy,,337.8513882,,,,,,,
294,1.65E+14,1.65E+14,245.2571072,,1.65E+14,80.015894,daisy,,325.2730012,,,,,,,
295,1.65E+14,1.65E+14,252.8921612,,1.65E+14,70.929226,daisy,,323.8213872,,,,,,,
295,1.65E+14,1.65E+14,250.6113792,,1.65E+14,65.108288,daisy,,315.7196672,,,,,,,
295,1.65E+14,1.65E+14,253.8407552,,1.65E+14,70.427872,daisy,,324.2686272,,,,,,,
296,1.65E+14,1.65E+14,254.0137232,,1.65E+14,79.039643,daisy,,333.0533662,,,,,,,
296,1.65E+14,1.65E+14,249.3827332,,1.65E+14,64.634538,daisy,,314.0172712,,,,,,,
297,1.65E+14,1.65E+14,253.4825772,,1.65E+14,72.498236,daisy,,325.9808132,,,,,,,
297,1.65E+14,1.65E+14,250.8510152,,1.65E+14,77.78407,daisy,,328.6350852,,,,,,,
297,1.65E+14,1.65E+14,251.3910152,,1.65E+14,63.937975,daisy,,315.3289902,,,,,,,
298,1.65E+14,1.65E+14,255.9612232,,1.65E+14,74.464122,daisy,,330.4253452,,,,,,,
298,1.65E+14,1.65E+14,251.6430462,,1.65E+14,71.614487,daisy,,323.2575332,,,,,,,
298,1.65E+14,1.65E+14,254.4903382,,1.65E+14,67.701829,daisy,,322.1921672,,,,,,,
299,1.65E+14,1.65E+14,251.7448162,,1.65E+14,73.245215,daisy,,324.9900312,,,,,,,
299,1.65E+14,1.65E+14,253.8431512,,1.65E+14,70.51084,daisy,,324.3539912,,,,,,,
299,1.65E+14,1.65E+14,250.5459116,,1.65E+14,72.901049,daisy,,323.4469606,,,,,,,
300,1.65E+14,1.65E+14,253.7260662,,1.65E+14,80.807456,daisy,,334.5335222,,,,,,,