Time (sec),Previous Frame (ns),Current Frame (ns),Time Elapsed (ms),Dropped Frame Count
0,328541599395196,328541683952499,84.557303,4
0,328541683952499,328541734424621,50.472122,2
0,328541734424621,328541751373054,16.948433,0
0,328541751373054,328541768134122,16.761068,0
0,328541768134122,328541784894763,16.760641,0
0,328541784894763,328541801655110,16.760347,0
0,328541801655110,328541818415690,16.76058,0
0,328541818415690,328541835176561,16.760871,0
0,328541835176561,328541851937138,16.760577,0
0,328541851937138,328541868697200,16.760062,0
0,328541868697200,328541885457337,16.760137,0
0,328541885457337,328541902217793,16.760456,0
0,328541902217793,328541918978208,16.760415,0
0,328541918978208,328541935738687,16.760479,0
0,328541935738687,328541952498664,16.759977,0
0,328541952498664,328541969259264,16.7606,0
0,328541969259264,328541986019764,16.7605,0
0,328541986019764,328542002780291,16.760527,0
0,328542002780291,328542019540785,16.760494,0
0,328542019540785,328542036301177,16.760392,0
0,328542036301177,328542053060803,16.759626,0
0,328542053060803,328542069820834,16.760031,0
0,328542069820834,328542086581241,16.760407,0
0,328542086581241,328542103341551,16.76031,0
0,328542103341551,328542120101892,16.760341,0
0,328542120101892,328542136861806,16.759914,0
0,328542136861806,328542153622144,16.760338,0
0,328542153622144,328542170382378,16.760234,0
0,328542170382378,328542187142748,16.76037,0
0,328542187142748,328542203903218,16.76047,0
0,328542203903218,328542220663560,16.760342,0
0,328542220663560,328542237424163,16.760603,0
0,328542237424163,328542254184460,16.760297,0
0,328542254184460,328542270944848,16.760388,0
0,328542270944848,328542287705272,16.760424,0
0,328542287705272,328542304465561,16.760289,0
0,328542304465561,328542321225745,16.760184,0
0,328542321225745,328542337554037,16.328292,0
0,328542337554037,328542354314164,16.760127,0
0,328542354314164,328542371074641,16.760477,0
0,328542371074641,328542387835016,16.760375,0
0,328542387835016,328542404595378,16.760362,0
0,328542404595378,328542421354433,16.759055,0
0,328542421354433,328542438114049,16.759616,0
0,328542438114049,328542454873634,16.759585,0
0,328542454873634,328542471632888,16.759254,0
0,328542471632888,328542488392254,16.759366,0
0,328542488392254,328542505150944,16.75869,0
0,328542505150944,328542521909832,16.758888,0
0,328542521909832,328542538669227,16.759395,0
0,328542538669227,328542555428352,16.759125,0
0,328542555428352,328542572187731,16.759379,0
0,328542572187731,328542588946260,16.758529,0
0,328542588946260,328542605704869,16.758609,0
0,328542605704869,328542622463903,16.759034,0
0,328542622463903,328542639222289,16.758386,0
0,328542639222289,328542655981438,16.759149,0
0,328542655981438,328542672740859,16.759421,0
1,328542672740859,328542689500284,16.759425,0
1,328542689500284,328542706259048,16.758764,0
1,328542706259048,328542723017950,16.758902,0
1,328542723017950,328542739776769,16.758819,0
1,328542739776769,328542756535984,16.759215,0
1,328542756535984,328542773295552,16.759568,0
1,328542773295552,328542790054818,16.759266,0
1,328542790054818,328542806813117,16.758299,0
1,328542806813117,328542823572246,16.759129,0
1,328542823572246,328542840331659,16.759413,0
1,328542840331659,328542857091170,16.759511,0
1,328542857091170,328542873850326,16.759156,0
1,328542873850326,328542890609097,16.758771,0
1,328542890609097,328542907365545,16.756448,0
1,328542907365545,328542924124086,16.758541,0
1,328542924124086,328542940883169,16.759083,0
1,328542940883169,328542957642412,16.759243,0
1,328542957642412,328542974400981,16.758569,0
1,328542974400981,328542991160579,16.759598,0
1,328542991160579,328543007920200,16.759621,0
1,328543007920200,328543024679817,16.759617,0
1,328543024679817,328543041439094,16.759277,0
1,328543041439094,328543058198046,16.758952,0
1,328543058198046,328543074957282,16.759236,0
1,328543074957282,328543091716756,16.759474,0
1,328543091716756,328543108476201,16.759445,0
1,328543108476201,328543125235208,16.759007,0
1,328543125235208,328543141994197,16.758989,0
1,328543141994197,328543158753251,16.759054,0
1,328543158753251,328543175512839,16.759588,0
1,328543175512839,328543192272114,16.759275,0
1,328543192272114,328543209031672,16.759558,0
1,328543209031672,328543225791009,16.759337,0
1,328543225791009,328543242550625,16.759616,0
1,328543242550625,328543259310030,16.759405,0
1,328543259310030,328543276069441,16.759411,0
1,328543276069441,328543292828500,16.759059,0
1,328543292828500,328543309587983,16.759483,0
1,328543309587983,328543326347444,16.759461,0
1,328543326347444,328543343106180,16.758736,0
1,328543343106180,328543359865841,16.759661,0
1,328543359865841,328543376625379,16.759538,0
1,328543376625379,328543393384371,16.758992,0
1,328543393384371,328543410143667,16.759296,0
1,328543410143667,328543426902567,16.7589,0
1,328543426902567,328543443661514,16.758947,0
1,328543443661514,328543460420705,16.759191,0
1,328543460420705,328543477179924,16.759219,0
1,328543477179924,328543493939175,16.759251,0
1,328543493939175,328543510698257,16.759082,0
1,328543510698257,328543527457391,16.759134,0
1,328543527457391,328543544216645,16.759254,0
1,328543544216645,328543560975771,16.759126,0
1,328543560975771,328543577734219,16.758448,0
1,328543577734219,328543594493106,16.758887,0
1,328543594493106,328543611252897,16.759791,0
1,328543611252897,328543628012203,16.759306,0
1,328543628012203,328543644771228,16.759025,0
1,328543644771228,328543661530169,16.758941,0
1,328543661530169,328543678289346,16.759177,0
2,328543678289346,328543695045409,16.756063,0
2,328543695045409,328543711802097,16.756688,0
2,328543711802097,328543728559710,16.757613,0
2,328543728559710,328543745317485,16.757775,0
2,328543745317485,328543762073699,16.756214,0
2,328543762073699,328543778831901,16.758202,0
2,328543778831901,328543795587982,16.756081,0
2,328543795587982,328543812342725,16.754743,0
2,328543812342725,328543829102716,16.759991,0
2,328543829102716,328543845862655,16.759939,0
2,328543845862655,328543862622314,16.759659,0
2,328543862622314,328543879381588,16.759274,0
2,328543879381588,328543896141184,16.759596,0
2,328543896141184,328543912900373,16.759189,0
2,328543912900373,328543929660149,16.759776,0
2,328543929660149,328543946419754,16.759605,0
2,328543946419754,328543963178881,16.759127,0
2,328543963178881,328543979938985,16.760104,0
2,328543979938985,328543996698406,16.759421,0
2,328543996698406,328544013457930,16.759524,0
2,328544013457930,328544030215534,16.757604,0
2,328544030215534,328544046971885,16.756351,0
2,328544046971885,328544063726289,16.754404,0
2,328544063726289,328544080482218,16.755929,0
2,328544080482218,328544097237065,16.754847,0
2,328544097237065,328544113984131,16.747066,0
2,328544113984131,328544130742324,16.758193,0
2,328544130742324,328544147498777,16.756453,0
2,328544147498777,328544164245404,16.746627,0
2,328544164245404,328544181004502,16.759098,0
2,328544181004502,328544197750140,16.745638,0
2,328544197750140,328544214507553,16.757413,0
2,328544214507553,328544231265162,16.757609,0
2,328544231265162,328544248024708,16.759546,0
2,328544248024708,328544264784316,16.759608,0
2,328544264784316,328544281541884,16.757568,0
2,328544281541884,328544298299754,16.75787,0
2,328544298299754,328544315057231,16.757477,0
2,328544315057231,328544331816727,16.759496,0
2,328544331816727,328544348572434,16.755707,0
2,328544348572434,328544365331609,16.759175,0
2,328544365331609,328544382084321,16.752712,0
2,328544382084321,328544398843509,16.759188,0
2,328544398843509,328544415601137,16.757628,0
2,328544415601137,328544432357091,16.755954,0
2,328544432357091,328544449116591,16.7595,0
2,328544449116591,328544465874647,16.758056,0
2,328544465874647,328544482632699,16.758052,0
2,328544482632699,328544499391376,16.758677,0
2,328544499391376,328544516148699,16.757323,0
2,328544516148699,328544532909061,16.760362,0
2,328544532909061,328544549667457,16.758396,0
2,328544549667457,328544566428380,16.760923,0
2,328544566428380,328544583190545,16.762165,0
2,328544583190545,328544599953457,16.762912,0
2,328544599953457,328544616714034,16.760577,0
2,328544616714034,328544633474954,16.76092,0
2,328544633474954,328544650237067,16.762113,0
2,328544650237067,328544666999195,16.762128,0
2,328544666999195,328544683759014,16.759819,0
3,328544683759014,328544700520098,16.761084,0
3,328544700520098,328544717281411,16.761313,0
3,328544717281411,328544734040803,16.759392,0
3,328544734040803,328544750799866,16.759063,0
3,328544750799866,328544767559074,16.759208,0
3,328544767559074,328544784318305,16.759231,0
3,328544784318305,328544801073510,16.755205,0
3,328544801073510,328544817833059,16.759549,0
3,328544817833059,328544834589775,16.756716,0
3,328544834589775,328544851345624,16.755849,0
3,328544851345624,328544868105182,16.759558,0
3,328544868105182,328544884861285,16.756103,0
3,328544884861285,328544901620815,16.75953,0
3,328544901620815,328544918367911,16.747096,0
3,328544918367911,328544935128010,16.760099,0
3,328544935128010,328544951888375,16.760365,0
3,328544951888375,328544968648950,16.760575,0
3,328544968648950,328544985409497,16.760547,0
3,328544985409497,328545002170010,16.760513,0
3,328545002170010,328545018930635,16.760625,0
3,328545018930635,328545035690994,16.760359,0
3,328545035690994,328545052451594,16.7606,0
3,328545052451594,328545069211781,16.760187,0
3,328545069211781,328545085972208,16.760427,0
3,328545085972208,328545102729598,16.75739,0
3,328545102729598,328545119485690,16.756092,0
3,328545119485690,328545136244729,16.759039,0
3,328545136244729,328545153002301,16.757572,0
3,328545153002301,328545169759782,16.757481,0
3,328545169759782,328545186515503,16.755721,0
3,328545186515503,328545203262244,16.746741,0
3,328545203262244,328545220020555,16.758311,0
3,328545220020555,328545236776068,16.755513,0
3,328545236776068,328545253532799,16.756731,0
3,328545253532799,328545270293558,16.760759,0
3,328545270293558,328545287051200,16.757642,0
3,328545287051200,328545303812247,16.761047,0
3,328545303812247,328545320575169,16.762922,0
3,328545320575169,328545337338223,16.763054,0
3,328545337338223,328545354097864,16.759641,0
3,328545354097864,328545370858870,16.761006,0
3,328545370858870,328545387621403,16.762533,0
3,328545387621403,328545404384503,16.7631,0
3,328545404384503,328545421145446,16.760943,0
3,328545421145446,328545437906771,16.761325,0
3,328545437906771,328545454669232,16.762461,0
3,328545454669232,328545471429615,16.760383,0
3,328545471429615,328545488189969,16.760354,0
3,328545488189969,328545504935117,16.745148,0
3,328545504935117,328545521687218,16.752101,0
3,328545521687218,328545538447698,16.76048,0
3,328545538447698,328545555205321,16.757623,0
3,328545555205321,328545571964218,16.758897,0
3,328545571964218,328545588721851,16.757633,0
3,328545588721851,328545605482746,16.760895,0
3,328545605482746,328545622241742,16.758996,0
3,328545622241742,328545638999622,16.75788,0
3,328545638999622,328545655757181,16.757559,0
3,328545655757181,328545672513698,16.756517,0
4,328545672513698,328545689273387,16.759689,0
4,328545689273387,328545706033186,16.759799,0
4,328545706033186,328545722791465,16.758279,0
4,328545722791465,328545739552036,16.760571,0
4,328545739552036,328545756312969,16.760933,0
4,328545756312969,328545773070571,16.757602,0
4,328545773070571,328545789829507,16.758936,0
4,328545789829507,328545806590355,16.760848,0
4,328545806590355,328545823351062,16.760707,0
4,328545823351062,328545840109823,16.758761,0
4,328545840109823,328545856867610,16.757787,0
4,328545856867610,328545873628708,16.761098,0
4,328545873628708,328545890386176,16.757468,0
4,328545890386176,328545907146708,16.760532,0
4,328545907146708,328545923903639,16.756931,0
4,328545923903639,328545940659796,16.756157,0
4,328545940659796,328545957419953,16.760157,0
4,328545957419953,328545974178717,16.758764,0
4,328545974178717,328545990934488,16.755771,0
4,328545990934488,328546007695082,16.760594,0
4,328546007695082,328546024454843,16.759761,0
4,328546024454843,328546041216274,16.761431,0
4,328546041216274,328546057979047,16.762773,0
4,328546057979047,328546074741789,16.762742,0
4,328546074741789,328546091502501,16.760712,0
4,328546091502501,328546108263583,16.761082,0
4,328546108263583,328546125026111,16.762528,0
4,328546125026111,328546141789023,16.762912,0
4,328546141789023,328546158550069,16.761046,0
4,328546158550069,328546175312215,16.762146,0
4,328546175312215,328546192074187,16.761972,0
4,328546192074187,328546208834545,16.760358,0
4,328546208834545,328546225594773,16.760228,0
4,328546225594773,328546242353312,16.758539,0
4,328546242353312,328546259103995,16.750683,0
4,328546259103995,328546275859060,16.755065,0
4,328546275859060,328546292619519,16.760459,0
4,328546292619519,328546309377077,16.757558,0
4,328546309377077,328546326133563,16.756486,0
4,328546326133563,328546342892063,16.7585,0
4,328546342892063,328546359648335,16.756272,0
4,328546359648335,328546376404273,16.755938,0
4,328546376404273,328546393157636,16.753363,0
4,328546393157636,328546409917649,16.760013,0
4,328546409917649,328546426676122,16.758473,0
4,328546426676122,328546443434663,16.758541,0
4,328546443434663,328546460181853,16.74719,0
4,328546460181853,328546476940033,16.75818,0
4,328546476940033,328546493698428,16.758395,0
4,328546493698428,328546510458907,16.760479,0
4,328546510458907,328546527214193,16.755286,0
4,328546527214193,328546543972593,16.7584,0
4,328546543972593,328546560720763,16.74817,0
4,328546560720763,328546577467951,16.747188,0
4,328546577467951,328546594228683,16.760732,0
4,328546594228683,328546610986722,16.758039,0
4,328546610986722,328546627745373,16.758651,0
4,328546627745373,328546644502323,16.75695,0
4,328546644502323,328546661249962,16.747639,0
4,328546661249962,328546678011365,16.761403,0
5,328546678011365,328546694773055,16.76169,0
5,328546694773055,328546711532288,16.759233,0
5,328546711532288,328546728293465,16.761177,0
5,328546728293465,328546745041492,16.748027,0
5,328546745041492,328546761800228,16.758736,0
5,328546761800228,328546778562368,16.76214,0
5,328546778562368,328546795326868,16.7645,0
5,328546795326868,328546812091036,16.764168,0
5,328546812091036,328546828851036,16.76,0
5,328546828851036,328546845610803,16.759767,0
5,328546845610803,328546862371933,16.76113,0
5,328546862371933,328546879133779,16.761846,0
5,328546879133779,328546895897451,16.763672,0
5,328546895897451,328546912661175,16.763724,0
5,328546912661175,328546929425105,16.76393,0
5,328546929425105,328546946186419,16.761314,0
5,328546946186419,328546962947064,16.760645,0
5,328546962947064,328546979707300,16.760236,0
5,328546979707300,328546996463552,16.756252,0
5,328546996463552,328547013220568,16.757016,0
5,328547013220568,328547029978261,16.757693,0
5,328547029978261,328547046739503,16.761242,0
5,328547046739503,328547063496877,16.757374,0
5,328547063496877,328547080254561,16.757684,0
5,328547080254561,328547097015490,16.760929,0
5,328547097015490,328547113776091,16.760601,0
5,328547113776091,328547130534703,16.758612,0
5,328547130534703,328547147293440,16.758737,0
5,328547147293440,328547164052049,16.758609,0
5,328547164052049,328547180809219,16.75717,0
5,328547180809219,328547197568517,16.759298,0
5,328547197568517,328547214316557,16.74804,0
5,328547214316557,328547231074867,16.75831,0
5,328547231074867,328547247834406,16.759539,0
5,328547247834406,328547264593976,16.75957,0
5,328547264593976,328547281352599,16.758623,0
5,328547281352599,328547298113797,16.761198,0
5,328547298113797,328547314873590,16.759793,0
5,328547314873590,328547331632874,16.759284,0
5,328547331632874,328547348394283,16.761409,0
5,328547348394283,328547365155121,16.760838,0
5,328547365155121,328547381916424,16.761303,0
5,328547381916424,328547398675950,16.759526,0
5,328547398675950,328547415436790,16.76084,0
5,328547415436790,328547432197710,16.76092,0
5,328547432197710,328547448958924,16.761214,0
5,328547448958924,328547465718435,16.759511,0
5,328547465718435,328547482476416,16.757981,0
5,328547482476416,328547499236815,16.760399,0
5,328547499236815,328547515998466,16.761651,0
5,328547515998466,328547532761913,16.763447,0
5,328547532761913,328547549524782,16.762869,0
5,328547549524782,328547566285334,16.760552,0
5,328547566285334,328547583046149,16.760815,0
5,328547583046149,328547599808099,16.76195,0
5,328547599808099,328547616571336,16.763237,0
5,328547616571336,328547633332651,16.761315,0
5,328547633332651,328547650095371,16.76272,0
5,328547650095371,328547666858329,16.762958,0
5,328547666858329,328547683619300,16.760971,0
6,328547683619300,328547700379607,16.760307,0
6,328547700379607,328547717136962,16.757355,0
6,328547717136962,328547733895793,16.758831,0
6,328547733895793,328547750653405,16.757612,0
6,328547750653405,328547767414212,16.760807,0
6,328547767414212,328547784158915,16.744703,0
6,328547784158915,328547800916770,16.757855,0
6,328547800916770,328547817675821,16.759051,0
6,328547817675821,328547834431918,16.756097,0
6,328547834431918,328547851188093,16.756175,0
6,328547851188093,328547867946422,16.758329,0
6,328547867946422,328547884706736,16.760314,0
6,328547884706736,328547901467734,16.760998,0
6,328547901467734,328547918215164,16.74743,0
6,328547918215164,328547934975924,16.76076,0
6,328547934975924,328547951735835,16.759911,0
6,328547951735835,328547968493636,16.757801,0
6,328547968493636,328547985253090,16.759454,0
6,328547985253090,328548002011582,16.758492,0
6,328548002011582,328548018769719,16.758137,0
6,328548018769719,328548035528826,16.759107,0
6,328548035528826,328548052285709,16.756883,0
6,328548052285709,328548069045776,16.760067,0
6,328548069045776,328548085803379,16.757603,0
6,328548085803379,328548102563601,16.760222,0
6,328548102563601,328548119321072,16.757471,0
6,328548119321072,328548136078443,16.757371,0
6,328548136078443,328548152835785,16.757342,0
6,328548152835785,328548169594837,16.759052,0
6,328548169594837,328548186352060,16.757223,0
6,328548186352060,328548203112789,16.760729,0
6,328548203112789,328548219868948,16.756159,0
6,328548219868948,328548236614339,16.745391,0
6,328548236614339,328548253376458,16.762119,0
6,328548253376458,328548270140985,16.764527,0
6,328548270140985,328548286904963,16.763978,0
6,328548286904963,328548303666649,16.761686,0
6,328548303666649,328548320428301,16.761652,0
6,328548320428301,328548337192039,16.763738,0
6,328548337192039,328548353955832,16.763793,0
6,328548353955832,328548370717122,16.76129,0
6,328548370717122,328548387479809,16.762687,0
6,328548387479809,328548404243707,16.763898,0
6,328548404243707,328548421004678,16.760971,0
6,328548421004678,328548437765663,16.760985,0
6,328548437765663,328548454523009,16.757346,0
6,328548454523009,328548471280255,16.757246,0
6,328548471280255,328548488038911,16.758656,0
6,328548488038911,328548504798331,16.75942,0
6,328548504798331,328548521555808,16.757477,0
6,328548521555808,328548538316155,16.760347,0
6,328548538316155,328548555076487,16.760332,0
6,328548555076487,328548571833923,16.757436,0
6,328548571833923,328548588593535,16.759612,0
6,328548588593535,328548605338353,16.744818,0
6,328548605338353,328548622094435,16.756082,0
6,328548622094435,328548638852452,16.758017,0
6,328548638852452,328548655612615,16.760163,0
6,328548655612615,328548672370455,16.75784,0
7,328548672370455,328548689127982,16.757527,0
7,328548689127982,328548705887018,16.759036,0
7,328548705887018,328548722642996,16.755978,0
7,328548722642996,328548739402847,16.759851,0
7,328548739402847,328548756160823,16.757976,0
7,328548756160823,328548772920447,16.759624,0
7,328548772920447,328548789677742,16.757295,0
7,328548789677742,328548806436721,16.758979,0
7,328548806436721,328548823183107,16.746386,0
7,328548823183107,328548839943518,16.760411,0
7,328548839943518,328548856704517,16.760999,0
7,328548856704517,328548873462897,16.75838,0
7,328548873462897,328548890224037,16.76114,0
7,328548890224037,328548906983297,16.75926,0
7,328548906983297,328548923730116,16.746819,0
7,328548923730116,328548940491583,16.761467,0
7,328548940491583,328548957248199,16.756616,0
7,328548957248199,328548974005206,16.757007,0
7,328548974005206,328548990767520,16.762314,0
7,328548990767520,328549007532338,16.764818,0
7,328549007532338,328549024297090,16.764752,0
7,328549024297090,328549041058406,16.761316,0
7,328549041058406,328549057820081,16.761675,0
7,328549057820081,328549074584223,16.764142,0
7,328549074584223,328549091348097,16.763874,0
7,328549091348097,328549108109792,16.761695,0
7,328549108109792,328549124873010,16.763218,0
7,328549124873010,328549141635565,16.762555,0
7,328549141635565,328549158396608,16.761043,0
7,328549158396608,328549175157794,16.761186,0
7,328549175157794,328549191917727,16.759933,0
7,328549191917727,328549208676025,16.758298,0
7,328549208676025,328549225434266,16.758241,0
7,328549225434266,328549242182271,16.748005,0
7,328549242182271,328549258930007,16.747736,0
7,328549258930007,328549275688075,16.758068,0
7,328549275688075,328549292445692,16.757617,0
7,328549292445692,328549309205055,16.759363,0
7,328549309205055,328549325965683,16.760628,0
7,328549325965683,328549342726333,16.76065,0
7,328549342726333,328549359485035,16.758702,0
7,328549359485035,328549376244237,16.759202,0
7,328549376244237,328549393005412,16.761175,0
7,328549393005412,328549409759208,16.753796,0
7,328549409759208,328549426520765,16.761557,0
7,328549426520765,328549443281863,16.761098,0
7,328549443281863,328549460040722,16.758859,0
7,328549460040722,328549476802305,16.761583,0
7,328549476802305,328549493559427,16.757122,0
7,328549493559427,328549510317747,16.75832,0
7,328549510317747,328549527078521,16.760774,0
7,328549527078521,328549543826859,16.748338,0
7,328549543826859,328549560574018,16.747159,0
7,328549560574018,328549577333019,16.759001,0
7,328549577333019,328549594094592,16.761573,0
7,328549594094592,328549610851083,16.756491,0
7,328549610851083,328549627611610,16.760527,0
7,328549627611610,328549644363374,16.751764,0
7,328549644363374,328549661121896,16.758522,0
7,328549661121896,328549677880500,16.758604,0
8,328549677880500,328549694641556,16.761056,0
8,328549694641556,328549711400550,16.758994,0
8,328549711400550,328549728162670,16.76212,0
8,328549728162670,328549744926401,16.763731,0
8,328549744926401,328549761691444,16.765043,0
8,328549761691444,328549778452714,16.76127,0
8,328549778452714,328549795214521,16.761807,0
8,328549795214521,328549811978295,16.763774,0
8,328549811978295,328549828742779,16.764484,0
8,328549828742779,328549845504639,16.76186,0
8,328549845504639,328549862267898,16.763259,0
8,328549862267898,328549879031012,16.763114,0
8,328549879031012,328549895792141,16.761129,0
8,328549895792141,328549912553438,16.761297,0
8,328549912553438,328549929296685,16.743247,0
8,328549929296685,328549946055289,16.758604,0
8,328549946055289,328549962811476,16.756187,0
8,328549962811476,328549979571920,16.760444,0
8,328549979571920,328549996330990,16.75907,0
8,328549996330990,328550013090448,16.759458,0
8,328550013090448,328550029849100,16.758652,0
8,328550029849100,328550046608644,16.759544,0
8,328550046608644,328550063364203,16.755559,0
8,328550063364203,328550080120368,16.756165,0
8,328550080120368,328550096881858,16.76149,0
8,328550096881858,328550113643189,16.761331,0
8,328550113643189,328550130401572,16.758383,0
8,328550130401572,328550147160893,16.759321,0
8,328550147160893,328550163917104,16.756211,0
8,328550163917104,328550180673295,16.756191,0
8,328550180673295,328550197429892,16.756597,0
8,328550197429892,328550214188556,16.758664,0
8,328550214188556,328550230944877,16.756321,0
8,328550230944877,328550247701748,16.756871,0
8,328550247701748,328550264458886,16.757138,0
8,328550264458886,328550281216037,16.757151,0
8,328550281216037,328550297976684,16.760647,0
8,328550297976684,328550314734737,16.758053,0
8,328550314734737,328550331493123,16.758386,0
8,328550331493123,328550348254678,16.761555,0
8,328550348254678,328550365014322,16.759644,0
8,328550365014322,328550381775231,16.760909,0
8,328550381775231,328550398534854,16.759623,0
8,328550398534854,328550415295217,16.760363,0
8,328550415295217,328550432056210,16.760993,0
8,328550432056210,328550448817985,16.761775,0
8,328550448817985,328550465580136,16.762151,0
8,328550465580136,328550482344482,16.764346,0
8,328550482344482,328550499108772,16.76429,0
8,328550499108772,328550515870340,16.761568,0
8,328550515870340,328550532632260,16.76192,0
8,328550532632260,328550549395778,16.763518,0
8,328550549395778,328550566159828,16.76405,0
8,328550566159828,328550582921289,16.761461,0
8,328550582921289,328550599684536,16.763247,0
8,328550599684536,328550616448022,16.763486,0
8,328550616448022,328550633208860,16.760838,0
8,328550633208860,328550649969861,16.761001,0
8,328550649969861,328550666730635,16.760774,0
8,328550666730635,328550683490504,16.759869,0
9,328550683490504,328550700248523,16.758019,0
9,328550700248523,328550717006824,16.758301,0
9,328550717006824,328550733762591,16.755767,0
9,328550733762591,328550750523023,16.760432,0
9,328550750523023,328550767282962,16.759939,0
9,328550767282962,328550784039450,16.756488,0
9,328550784039450,328550800799525,16.760075,0
9,328550800799525,328550817560407,16.760882,0
9,328550817560407,328550834316676,16.756269,0
9,328550834316676,328550851074267,16.757591,0
9,328550851074267,328550867832811,16.758544,0
9,328550867832811,328550884589567,16.756756,0
9,328550884589567,328550901345933,16.756366,0
9,328550901345933,328550918103061,16.757128,0
9,328550918103061,328550934858458,16.755397,0
9,328550934858458,328550951617359,16.758901,0
9,328550951617359,328550968377676,16.760317,0
9,328550968377676,328550985135864,16.758188,0
9,328550985135864,328551001896570,16.760706,0
9,328551001896570,328551018654244,16.757674,0
9,328551018654244,328551035411752,16.757508,0
9,328551035411752,328551052170010,16.758258,0
9,328551052170010,328551068927925,16.757915,0
9,328551068927925,328551085686049,16.758124,0
9,328551085686049,328551102442571,16.756522,0
9,328551102442571,328551119202226,16.759655,0
9,328551119202226,328551135960148,16.757922,0
9,328551135960148,328551152716353,16.756205,0
9,328551152716353,328551169477319,16.760966,0
9,328551169477319,328551186225125,16.747806,0
9,328551186225125,328551202986450,16.761325,0
9,328551202986450,328551219750679,16.764229,0
9,328551219750679,328551236515116,16.764437,0
9,328551236515116,328551253275505,16.760389,0
9,328551253275505,328551270036962,16.761457,0
9,328551270036962,328551286800590,16.763628,0
9,328551286800590,328551303564341,16.763751,0
9,328551303564341,328551320325844,16.761503,0
9,328551320325844,328551337089452,16.763608,0
9,328551337089452,328551353853180,16.763728,0
9,328551353853180,328551370614223,16.761043,0
9,328551370614223,328551387368216,16.753993,0
9,328551387368216,328551404127234,16.759018,0
9,328551404127234,328551420885278,16.758044,0
9,328551420885278,328551437640019,16.754741,0
9,328551437640019,328551454396515,16.756496,0
9,328551454396515,328551471155439,16.758924,0
9,328551471155439,328551487915755,16.760316,0
9,328551487915755,328551504674422,16.758667,0
9,328551504674422,328551521433551,16.759129,0
9,328551521433551,328551538194484,16.760933,0
9,328551538194484,328551554954107,16.759623,0
9,328551554954107,328551571714837,16.76073,0
9,328551571714837,328551588474029,16.759192,0
9,328551588474029,328551605230538,16.756509,0
9,328551605230538,328551621987735,16.757197,0
9,328551621987735,328551638744480,16.756745,0
9,328551638744480,328551655504894,16.760414,0
9,328551655504894,328551672261019,16.756125,0
10,328551672261019,328551689018813,16.757794,0
10,328551689018813,328551705775658,16.756845,0
10,328551705775658,328551722533723,16.758065,0
10,328551722533723,328551739294679,16.760956,0
10,328551739294679,328551756055191,16.760512,0
10,328551756055191,328551772812509,16.757318,0
10,328551772812509,328551789570838,16.758329,0
10,328551789570838,328551806326971,16.756133,0
10,328551806326971,328551823086040,16.759069,0
10,328551823086040,328551839845343,16.759303,0
10,328551839845343,328551856607100,16.761757,0
10,328551856607100,328551873370420,16.76332,0
10,328551873370420,328551890133350,16.76293,0
10,328551890133350,328551906896669,16.763319,0
10,328551906896669,328551923657632,16.760963,0
10,328551923657632,328551940418860,16.761228,0
10,328551940418860,328551957181635,16.762775,0
10,328551957181635,328551973944579,16.762944,0
10,328551973944579,328551990705540,16.760961,0
10,328551990705540,328552007466771,16.761231,0
10,328552007466771,328552024229157,16.762386,0
10,328552024229157,328552040991908,16.762751,0
10,328552040991908,328552057753043,16.761135,0
10,328552057753043,328552074515291,16.762248,0
10,328552074515291,328552091278372,16.763081,0
10,328552091278372,328552108038743,16.760371,0
10,328552108038743,328552124799456,16.760713,0
10,328552124799456,328552141556218,16.756762,0
10,328552141556218,328552158313417,16.757199,0
10,328552158313417,328552175071999,16.758582,0
10,328552175071999,328552191825279,16.75328,0
10,328552191825279,328552208584943,16.759664,0
10,328552208584943,328552225343037,16.758094,0
10,328552225343037,328552242100353,16.757316,0
10,328552242100353,328552258860542,16.760189,0
10,328552258860542,328552275618711,16.758169,0
10,328552275618711,328552292379215,16.760504,0
10,328552292379215,328552309138434,16.759219,0
10,328552309138434,328552325882051,16.743617,0
10,328552325882051,328552342639317,16.757266,0
10,328552342639317,328552359397400,16.758083,0
10,328552359397400,328552376155420,16.75802,0
10,328552376155420,328552392916269,16.760849,0
10,328552392916269,328552409675834,16.759565,0
10,328552409675834,328552426431416,16.755582,0
10,328552426431416,328552443189109,16.757693,0
10,328552443189109,328552459946713,16.757604,0
10,328552459946713,328552476692172,16.745459,0
10,328552476692172,328552493452438,16.760266,0
10,328552493452438,328552510212023,16.759585,0
10,328552510212023,328552526970575,16.758552,0
10,328552526970575,328552543726811,16.756236,0
10,328552543726811,328552560485718,16.758907,0
10,328552560485718,328552577233208,16.74749,0
10,328552577233208,328552593990595,16.757387,0
10,328552593990595,328552610743917,16.753322,0
10,328552610743917,328552627499785,16.755868,0
10,328552627499785,328552644258149,16.758364,0
10,328552644258149,328552661017303,16.759154,0
10,328552661017303,328552677779290,16.761987,0
11,328552677779290,328552694543381,16.764091,0
11,328552694543381,328552711307929,16.764548,0
11,328552711307929,328552728069576,16.761647,0
11,328552728069576,328552744830617,16.761041,0
11,328552744830617,328552761593361,16.762744,0
11,328552761593361,328552778357335,16.763974,0
11,328552778357335,328552795119197,16.761862,0
11,328552795119197,328552811883337,16.76414,0
11,328552811883337,328552828646878,16.763541,0
11,328552828646878,328552845407732,16.760854,0
11,328552845407732,328552862168807,16.761075,0
11,328552862168807,328552878924248,16.755441,0
11,328552878924248,328552895683257,16.759009,0
11,328552895683257,328552912439372,16.756115,0
11,328552912439372,328552929199031,16.759659,0
11,328552929199031,328552945957440,16.758409,0
11,328552945957440,328552962715290,16.75785,0
11,328552962715290,328552979472350,16.75706,0
11,328552979472350,328552996230562,16.758212,0
11,328552996230562,328553012987623,16.757061,0
11,328553012987623,328553029744277,16.756654,0
11,328553029744277,328553046499471,16.755194,0
11,328553046499471,328553063258754,16.759283,0
11,328553063258754,328553080017930,16.759176,0
11,328553080017930,328553096774216,16.756286,0
11,328553096774216,328553113535829,16.761613,0
11,328553113535829,328553130293128,16.757299,0
11,328553130293128,328553147052115,16.758987,0
11,328553147052115,328553163811151,16.759036,0
11,328553163811151,328553180570510,16.759359,0
11,328553180570510,328553197329772,16.759262,0
11,328553197329772,328553214089003,16.759231,0
11,328553214089003,328553230846658,16.757655,0
11,328553230846658,328553247604472,16.757814,0
11,328553247604472,328553264364660,16.760188,0
11,328553264364660,328553281122625,16.757965,0
11,328553281122625,328553297883898,16.761273,0
11,328553297883898,328553314644763,16.760865,0
11,328553314644763,328553331403713,16.75895,0
11,328553331403713,328553348163461,16.759748,0
11,328553348163461,328553364921555,16.758094,0
11,328553364921555,328553381679362,16.757807,0
11,328553381679362,328553398435893,16.756531,0
11,328553398435893,328553415197648,16.761755,0
11,328553415197648,328553431961139,16.763491,0
11,328553431961139,328553448725130,16.763991,0
11,328553448725130,328553465486587,16.761457,0
11,328553465486587,328553482248104,16.761517,0
11,328553482248104,328553499011484,16.76338,0
11,328553499011484,328553515774569,16.763085,0
11,328553515774569,328553532534943,16.760374,0
11,328553532534943,328553549298334,16.763391,0
11,328553549298334,328553566061215,16.762881,0
11,328553566061215,328553582822000,16.760785,0
11,328553582822000,328553599583109,16.761109,0
11,328553599583109,328553616335783,16.752674,0
11,328553616335783,328553633096005,16.760222,0
11,328553633096005,328553649849618,16.753613,0
11,328553649849618,328553666607388,16.75777,0
11,328553666607388,328553683364600,16.757212,0
12,328553683364600,328553700111871,16.747271,0
12,328553700111871,328553716867907,16.756036,0
12,328553716867907,328553733626344,16.758437,0
12,328553733626344,328553750383151,16.756807,0
12,328553750383151,328553767144357,16.761206,0
12,328553767144357,328553783890917,16.74656,0
12,328553783890917,328553800648242,16.757325,0
12,328553800648242,328553817404617,16.756375,0
12,328553817404617,328553834165019,16.760402,0
12,328553834165019,328553850925550,16.760531,0
12,328553850925550,328553867685305,16.759755,0
12,328553867685305,328553884444438,16.759133,0
12,328553884444438,328553901197974,16.753536,0
12,328553901197974,328553917958763,16.760789,0
12,328553917958763,328553934718081,16.759318,0
12,328553934718081,328553951475198,16.757117,0
12,328553951475198,328553968235017,16.759819,0
12,328553968235017,328553984992818,16.757801,0
12,328553984992818,328554001751072,16.758254,0
12,328554001751072,328554018513057,16.761985,0
12,328554018513057,328554035274918,16.761861,0
12,328554035274918,328554052035408,16.76049,0
12,328554052035408,328554068796438,16.76103,0
12,328554068796438,328554085555287,16.758849,0
12,328554085555287,328554102313366,16.758079,0
12,328554102313366,328554119074944,16.761578,0
12,328554119074944,328554135833938,16.758994,0
12,328554135833938,328554152595661,16.761723,0
12,328554152595661,328554169359489,16.763828,0
12,328554169359489,328554186123598,16.764109,0
12,328554186123598,328554202885139,16.761541,0
12,328554202885139,328554219645786,16.760647,0
12,328554219645786,328554236408532,16.762746,0
12,328554236408532,328554253172194,16.763662,0
12,328554253172194,328554269933761,16.761567,0
12,328554269933761,328554286696985,16.763224,0
12,328554286696985,328554303459652,16.762667,0
12,328554303459652,328554320219498,16.759846,0
12,328554320219498,328554336979748,16.76025,0
12,328554336979748,328554353734643,16.754895,0
12,328554353734643,328554370490853,16.75621,0
12,328554370490853,328554387246463,16.75561,0
12,328554387246463,328554403993772,16.747309,0
12,328554403993772,328554420754701,16.760929,0
12,328554420754701,328554437512373,16.757672,0
12,328554437512373,328554454255694,16.743321,0
12,328554454255694,328554471012990,16.757296,0
12,328554471012990,328554487769699,16.756709,0
12,328554487769699,328554504527571,16.757872,0
12,328554504527571,328554521284832,16.757261,0
12,328554521284832,328554538042526,16.757694,0
12,328554538042526,328554554799741,16.757215,0
12,328554554799741,328554571556560,16.756819,0
12,328554571556560,328554588318083,16.761523,0
12,328554588318083,328554605064390,16.746307,0
12,328554605064390,328554621822952,16.758562,0
12,328554621822952,328554638581114,16.758162,0
12,328554638581114,328554655326913,16.745799,0
12,328554655326913,328554672083680,16.756767,0
13,328554672083680,328554688844782,16.761102,0
13,328554688844782,328554705604584,16.759802,0
13,328554705604584,328554722363155,16.758571,0
13,328554722363155,328554739120423,16.757268,0
13,328554739120423,328554755877471,16.757048,0
13,328554755877471,328554772636454,16.758983,0
13,328554772636454,328554789398245,16.761791,0
13,328554789398245,328554806159961,16.761716,0
13,328554806159961,328554822922059,16.762098,0
13,328554822922059,328554839668845,16.746786,0
13,328554839668845,328554856417385,16.74854,0
13,328554856417385,328554873177027,16.759642,0
13,328554873177027,328554889939949,16.762922,0
13,328554889939949,328554906705296,16.765347,0
13,328554906705296,328554923470613,16.765317,0
13,328554923470613,328554940232828,16.762215,0
13,328554940232828,328554956995133,16.762305,0
13,328554956995133,328554973760176,16.765043,0
13,328554973760176,328554990525510,16.765334,0
13,328554990525510,328555007287976,16.762466,0
13,328555007287976,328555024052820,16.764844,0
13,328555024052820,328555040817039,16.764219,0
13,328555040817039,328555057578273,16.761234,0
13,328555057578273,328555074339812,16.761539,0
13,328555074339812,328555091097714,16.757902,0
13,328555091097714,328555107857621,16.759907,0
13,328555107857621,328555124612091,16.75447,0
13,328555124612091,328555141371199,16.759108,0
13,328555141371199,328555158123907,16.752708,0
13,328555158123907,328555174871332,16.747425,0
13,328555174871332,328555191627815,16.756483,0
13,328555191627815,328555208389560,16.761745,0
13,328555208389560,328555225148218,16.758658,0
13,328555225148218,328555241905390,16.757172,0
13,328555241905390,328555258662682,16.757292,0
13,328555258662682,328555275420885,16.758203,0
13,328555275420885,328555292182033,16.761148,0
13,328555292182033,328555308943184,16.761151,0
13,328555308943184,328555325705285,16.762101,0
13,328555325705285,328555342465544,16.760259,0
13,328555342465544,328555359226519,16.760975,0
13,328555359226519,328555375985881,16.759362,0
13,328555375985881,328555392745368,16.759487,0
13,328555392745368,328555409507497,16.762129,0
13,328555409507497,328555426266452,16.758955,0
13,328555426266452,328555443025237,16.758785,0
13,328555443025237,328555459781680,16.756443,0
13,328555459781680,328555476527875,16.746195,0
13,328555476527875,328555493285141,16.757266,0
13,328555493285141,328555510045905,16.760764,0
13,328555510045905,328555526803237,16.757332,0
13,328555526803237,328555543557447,16.75421,0
13,328555543557447,328555560316431,16.758984,0
13,328555560316431,328555577062519,16.746088,0
13,328555577062519,328555593823451,16.760932,0
13,328555593823451,328555610582364,16.758913,0
13,328555610582364,328555627345152,16.762788,0
13,328555627345152,328555644111121,16.765969,0
13,328555644111121,328555660877292,16.766171,0
13,328555660877292,328555677639326,16.762034,0
14,328555677639326,328555694401926,16.7626,0
14,328555694401926,328555711166431,16.764505,0
14,328555711166431,328555727931812,16.765381,0
14,328555727931812,328555744694222,16.76241,0
14,328555744694222,328555761458940,16.764718,0
14,328555761458940,328555778223099,16.764159,0
14,328555778223099,328555794984168,16.761069,0
14,328555794984168,328555811745437,16.761269,0
14,328555811745437,328555828505192,16.759755,0
14,328555828505192,328555845262463,16.757271,0
14,328555845262463,328555862018087,16.755624,0
14,328555862018087,328555878776985,16.758898,0
14,328555878776985,328555895522319,16.745334,0
14,328555895522319,328555912280634,16.758315,0
14,328555912280634,328555929041040,16.760406,0
14,328555929041040,328555945801292,16.760252,0
14,328555945801292,328555962557309,16.756017,0
14,328555962557309,328555979313608,16.756299,0
14,328555979313608,328555996074663,16.761055,0
14,328555996074663,328556012833451,16.758788,0
14,328556012833451,328556029592953,16.759502,0
14,328556029592953,328556046352023,16.75907,0
14,328556046352023,328556063111314,16.759291,0
14,328556063111314,328556079867959,16.756645,0
14,328556079867959,328556096627284,16.759325,0
14,328556096627284,328556113385765,16.758481,0
14,328556113385765,328556130145744,16.759979,0
14,328556130145744,328556146907946,16.762202,0
14,328556146907946,328556163667678,16.759732,0
14,328556163667678,328556180424334,16.756656,0
14,328556180424334,328556197186018,16.761684,0
14,328556197186018,328556213932266,16.746248,0
14,328556213932266,328556230693077,16.760811,0
14,328556230693077,328556247454682,16.761605,0
14,328556247454682,328556264213714,16.759032,0
14,328556264213714,328556280961948,16.748234,0
14,328556280961948,328556297716117,16.754169,0
14,328556297716117,328556314472404,16.756287,0
14,328556314472404,328556331234585,16.762181,0
14,328556331234585,328556347995156,16.760571,0
14,328556347995156,328556364757614,16.762458,0
14,328556364757614,328556381522962,16.765348,0
14,328556381522962,328556398288403,16.765441,0
14,328556398288403,328556415049975,16.761572,0
14,328556415049975,328556431811784,16.761809,0
14,328556431811784,328556448575542,16.763758,0
14,328556448575542,328556465340392,16.76485,0
14,328556465340392,328556482101571,16.761179,0
14,328556482101571,328556498864278,16.762707,0
14,328556498864278,328556515628428,16.76415,0
14,328556515628428,328556532389696,16.761268,0
14,328556532389696,328556549150934,16.761238,0
14,328556549150934,328556565911841,16.760907,0
14,328556565911841,328556582672329,16.760488,0
14,328556582672329,328556599430681,16.758352,0
14,328556599430681,328556616189017,16.758336,0
14,328556616189017,328556632947949,16.758932,0
14,328556632947949,328556649706393,16.758444,0
14,328556649706393,328556666463235,16.756842,0
14,328556666463235,328556683219684,16.756449,0
15,328556683219684,328556699977671,16.757987,0
15,328556699977671,328556716735874,16.758203,0
15,328556716735874,328556733494448,16.758574,0
15,328556733494448,328556750252633,16.758185,0
15,328556750252633,328556767012918,16.760285,0
15,328556767012918,328556783769928,16.75701,0
15,328556783769928,328556800528867,16.758939,0
15,328556800528867,328556817288462,16.759595,0
15,328556817288462,328556834047904,16.759442,0
15,328556834047904,328556850805177,16.757273,0
15,328556850805177,328556867566795,16.761618,0
15,328556867566795,328556884324214,16.757419,0
15,328556884324214,328556901081337,16.757123,0
15,328556901081337,328556917839942,16.758605,0
15,328556917839942,328556934598725,16.758783,0
15,328556934598725,328556951359148,16.760423,0
15,328556951359148,328556968120363,16.761215,0
15,328556968120363,328556984877830,16.757467,0
15,328556984877830,328557001635863,16.758033,0
15,328557001635863,328557018397493,16.76163,0
15,328557018397493,328557035159056,16.761563,0
15,328557035159056,328557051917521,16.758465,0
15,328557051917521,328557068679171,16.76165,0
15,328557068679171,328557085436743,16.757572,0
15,328557085436743,328557102198767,16.762024,0
15,328557102198767,328557118963159,16.764392,0
15,328557118963159,328557135727135,16.763976,0
15,328557135727135,328557152488523,16.761388,0
15,328557152488523,328557169250401,16.761878,0
15,328557169250401,328557186014695,16.764294,0
15,328557186014695,328557202778873,16.764178,0
15,328557202778873,328557219540087,16.761214,0
15,328557219540087,328557236303027,16.76294,0
15,328557236303027,328557253066697,16.76367,0
15,328557253066697,328557269826942,16.760245,0
15,328557269826942,328557286587496,16.760554,0
15,328557286587496,328557303346393,16.758897,0
15,328557303346393,328557320105356,16.758963,0
15,328557320105356,328557336850829,16.745473,0
15,328557336850829,328557353598422,16.747593,0
15,328557353598422,328557370352266,16.753844,0
15,328557370352266,328557387111213,16.758947,0
15,328557387111213,328557403869220,16.758007,0
15,328557403869220,328557420624722,16.755502,0
15,328557420624722,328557437381335,16.756613,0
15,328557437381335,328557454142423,16.761088,0
15,328557454142423,328557470903981,16.761558,0
15,328557470903981,328557487663887,16.759906,0
15,328557487663887,328557504423196,16.759309,0
15,328557504423196,328557521182558,16.759362,0
15,328557521182558,328557537941109,16.758551,0
15,328557537941109,328557554699746,16.758637,0
15,328557554699746,328557571460800,16.761054,0
15,328557571460800,328557588218519,16.757719,0
15,328557588218519,328557604973045,16.754526,0
15,328557604973045,328557621720679,16.747634,0
15,328557621720679,328557638482366,16.761687,0
15,328557638482366,328557655240277,16.757911,0
15,328557655240277,328557672001282,16.761005,0
16,328557672001282,328557688759218,16.757936,0
16,328557688759218,328557705517944,16.758726,0
16,328557705517944,328557722276942,16.758998,0
16,328557722276942,328557739038609,16.761667,0
16,328557739038609,328557755795420,16.756811,0
16,328557755795420,328557772556460,16.76104,0
16,328557772556460,328557789315137,16.758677,0
16,328557789315137,328557806072282,16.757145,0
16,328557806072282,328557822832638,16.760356,0
16,328557822832638,328557839594678,16.76204,0
16,328557839594678,328557856359364,16.764686,0
16,328557856359364,328557873124241,16.764877,0
16,328557873124241,328557889885161,16.76092,0
16,328557889885161,328557906646895,16.761734,0
16,328557906646895,328557923410104,16.763209,0
16,328557923410104,328557940173282,16.763178,0
16,328557940173282,328557956935026,16.761744,0
16,328557956935026,328557973697394,16.762368,0
16,328557973697394,328557990461116,16.763722,0
16,328557990461116,328558007222291,16.761175,0
16,328558007222291,328558023983444,16.761153,0
16,328558023983444,328558040742509,16.759065,0
16,328558040742509,328558057503396,16.760887,0
16,328558057503396,328558074261943,16.758547,0
16,328558074261943,328558091022907,16.760964,0
16,328558091022907,328558107781451,16.758544,0
16,328558107781451,328558124537666,16.756215,0
16,328558124537666,328558141293200,16.755534,0
16,328558141293200,328558158050900,16.7577,0
16,328558158050900,328558174811424,16.760524,0
16,328558174811424,328558191567395,16.755971,0
16,328558191567395,328558208325943,16.758548,0
16,328558208325943,328558225083540,16.757597,0
16,328558225083540,328558241839431,16.755891,0
16,328558241839431,328558258596348,16.756917,0
16,328558258596348,328558275354660,16.758312,0
16,328558275354660,328558292115927,16.761267,0
16,328558292115927,328558308876961,16.761034,0
16,328558308876961,328558325633937,16.756976,0
16,328558325633937,328558342394161,16.760224,0
16,328558342394161,328558359152097,16.757936,0
16,328558359152097,328558375910450,16.758353,0
16,328558375910450,328558392669063,16.758613,0
16,328558392669063,328558409429399,16.760336,0
16,328558409429399,328558426188215,16.758816,0
16,328558426188215,328558442947021,16.758806,0
16,328558442947021,328558459706438,16.759417,0
16,328558459706438,328558476467975,16.761537,0
16,328558476467975,328558493224484,16.756509,0
16,328558493224484,328558509983445,16.758961,0
16,328558509983445,328558526744195,16.76075,0
16,328558526744195,328558543503259,16.759064,0
16,328558543503259,328558560261056,16.757797,0
16,328558560261056,328558577022407,16.761351,0
16,328558577022407,328558593784362,16.761955,0
16,328558593784362,328558610547096,16.762734,0
16,328558610547096,328558627307738,16.760642,0
16,328558627307738,328558644069379,16.761641,0
16,328558644069379,328558660833003,16.763624,0
16,328558660833003,328558677596070,16.763067,0
17,328558677596070,328558694356710,16.76064,0
17,328558694356710,328558711117544,16.760834,0
17,328558711117544,328558727879818,16.762274,0
17,328558727879818,328558744640719,16.760901,0
17,328558744640719,328558761401820,16.761101,0
17,328558761401820,328558778158720,16.7569,0
17,328558778158720,328558794918979,16.760259,0
17,328558794918979,328558811674964,16.755985,0
17,328558811674964,328558828435527,16.760563,0
17,328558828435527,328558845192802,16.757275,0
17,328558845192802,328558861950279,16.757477,0
17,328558861950279,328558878709312,16.759033,0
17,328558878709312,328558895468328,16.759016,0
17,328558895468328,328558912229169,16.760841,0
17,328558912229169,328558928985904,16.756735,0
17,328558928985904,328558945744139,16.758235,0
17,328558945744139,328558962502380,16.758241,0
17,328558962502380,328558979258366,16.755986,0
17,328558979258366,328558996016758,16.758392,0
17,328558996016758,328559012772069,16.755311,0
17,328559012772069,328559029530662,16.758593,0
17,328559029530662,328559046287557,16.756895,0
17,328559046287557,328559063043554,16.755997,0
17,328559063043554,328559079799738,16.756184,0
17,328559079799738,328559096554998,16.75526,0
17,328559096554998,328559113311223,16.756225,0
17,328559113311223,328559130069256,16.758033,0
17,328559130069256,328559146828687,16.759431,0
17,328559146828687,328559163585401,16.756714,0
17,328559163585401,328559180341487,16.756086,0
17,328559180341487,328559197083632,16.742145,0
17,328559197083632,328559213839957,16.756325,0
17,328559213839957,328559230600092,16.760135,0
17,328559230600092,328559247356676,16.756584,0
17,328559247356676,328559264114699,16.758023,0
17,328559264114699,328559280870964,16.756265,0
17,328559280870964,328559297628134,16.75717,0
17,328559297628134,328559314390267,16.762133,0
17,328559314390267,328559331154067,16.7638,0
17,328559331154067,328559347918968,16.764901,0
17,328559347918968,328559364680939,16.761971,0
17,328559364680939,328559381442845,16.761906,0
17,328559381442845,328559398206956,16.764111,0
17,328559398206956,328559414971204,16.764248,0
17,328559414971204,328559431732202,16.760998,0
17,328559431732202,328559448494040,16.761838,0
17,328559448494040,328559465256142,16.762102,0
17,328559465256142,328559482016731,16.760589,0
17,328559482016731,328559498778060,16.761329,0
17,328559498778060,328559515538805,16.760745,0
17,328559515538805,328559532296405,16.7576,0
17,328559532296405,328559549057169,16.760764,0
17,328559549057169,328559565815189,16.75802,0
17,328559565815189,328559582562194,16.747005,0
17,328559582562194,328559599318348,16.756154,0
17,328559599318348,328559616074592,16.756244,0
17,328559616074592,328559632831416,16.756824,0
17,328559632831416,328559649590746,16.75933,0
17,328559649590746,328559666347537,16.756791,0
17,328559666347537,328559683089520,16.741983,0
18,328559683089520,328559699845513,16.755993,0
18,328559699845513,328559716604706,16.759193,0
18,328559716604706,328559733360254,16.755548,0
18,328559733360254,328559750119053,16.758799,0
18,328559750119053,328559766878059,16.759006,0
18,328559766878059,328559783634991,16.756932,0
18,328559783634991,328559800392493,16.757502,0
18,328559800392493,328559817150856,16.758363,0
18,328559817150856,328559833911031,16.760175,0
18,328559833911031,328559850673034,16.762003,0
18,328559850673034,328559867429990,16.756956,0
18,328559867429990,328559884191104,16.761114,0
18,328559884191104,328559900948039,16.756935,0
18,328559900948039,328559917707714,16.759675,0
18,328559917707714,328559934467204,16.75949,0
18,328559934467204,328559951226982,16.759778,0
18,328559951226982,328559967989056,16.762074,0
18,328559967989056,328559984746440,16.757384,0
18,328559984746440,328560001505276,16.758836,0
18,328560001505276,328560018262892,16.757616,0
18,328560018262892,328560035019338,16.756446,0
18,328560035019338,328560051781740,16.762402,0
18,328560051781740,328560068547037,16.765297,0
18,328560068547037,328560085312172,16.765135,0
18,328560085312172,328560102074053,16.761881,0
18,328560102074053,328560118835470,16.761417,0
18,328560118835470,328560135599889,16.764419,0
18,328560135599889,328560152364457,16.764568,0
18,328560152364457,328560169126422,16.761965,0
18,328560169126422,328560185890655,16.764233,0
18,328560185890655,328560202655079,16.764424,0
18,328560202655079,328560219416674,16.761595,0
18,328560219416674,328560236177447,16.760773,0
18,328560236177447,328560252936496,16.759049,0
18,328560252936496,328560269695185,16.758689,0
18,328560269695185,328560286456592,16.761407,0
18,328560286456592,328560303214494,16.757902,0
18,328560303214494,328560319973427,16.758933,0
18,328560319973427,328560336728632,16.755205,0
18,328560336728632,328560353485098,16.756466,0
18,328560353485098,328560370242643,16.757545,0
18,328560370242643,328560387000219,16.757576,0
18,328560387000219,328560403759096,16.758877,0
18,328560403759096,328560420518041,16.758945,0
18,328560420518041,328560437277501,16.75946,0
18,328560437277501,328560454034290,16.756789,0
18,328560454034290,328560470792566,16.758276,0
18,328560470792566,328560487549517,16.756951,0
18,328560487549517,328560504303402,16.753885,0
18,328560504303402,328560521060480,16.757078,0
18,328560521060480,328560537820785,16.760305,0
18,328560537820785,328560554578572,16.757787,0
18,328560554578572,328560571336565,16.757993,0
18,328560571336565,328560588097371,16.760806,0
18,328560588097371,328560604856617,16.759246,0
18,328560604856617,328560621613187,16.75657,0
18,328560621613187,328560638369168,16.755981,0
18,328560638369168,328560655127276,16.758108,0
18,328560655127276,328560671886094,16.758818,0
19,328560671886094,328560688644631,16.758537,0
19,328560688644631,328560705402767,16.758136,0
19,328560705402767,328560722160149,16.757382,0
19,328560722160149,328560738916448,16.756299,0
19,328560738916448,328560755676658,16.76021,0
19,328560755676658,328560772433822,16.757164,0
19,328560772433822,328560789196025,16.762203,0
19,328560789196025,328560805960621,16.764596,0
19,328560805960621,328560822725634,16.765013,0
19,328560822725634,328560839486553,16.760919,0
19,328560839486553,328560856248526,16.761973,0
19,328560856248526,328560873012972,16.764446,0
19,328560873012972,328560889777340,16.764368,0
19,328560889777340,328560906539020,16.76168,0
19,328560906539020,328560923302901,16.763881,0
19,328560923302901,328560940066579,16.763678,0
19,328560940066579,328560956827815,16.761236,0
19,328560956827815,328560973588728,16.760913,0
19,328560973588728,328560990348716,16.759988,0
19,328560990348716,328561007109378,16.760662,0
19,328561007109378,328561023858164,16.748786,0
19,328561023858164,328561040616260,16.758096,0
19,328561040616260,328561057377307,16.761047,0
19,328561057377307,328561074136054,16.758747,0
19,328561074136054,328561090893700,16.757646,0
19,328561090893700,328561107648431,16.754731,0
19,328561107648431,328561124403652,16.755221,0
19,328561124403652,328561141162490,16.758838,0
19,328561141162490,328561157923485,16.760995,0
19,328561157923485,328561174681281,16.757796,0
19,328561174681281,328561191441767,16.760486,0
19,328561191441767,328561208202542,16.760775,0
19,328561208202542,328561224960749,16.758207,0
19,328561224960749,328561241719402,16.758653,0
19,328561241719402,328561258480032,16.76063,0
19,328561258480032,328561275241878,16.761846,0
19,328561275241878,328561292005184,16.763306,0
19,328561292005184,328561308769137,16.763953,0
19,328561308769137,328561325532837,16.7637,0
19,328561325532837,328561342293790,16.760953,0
19,328561342293790,328561359054030,16.76024,0
19,328561359054030,328561375812539,16.758509,0
19,328561375812539,328561392573337,16.760798,0
19,328561392573337,328561409332420,16.759083,0
19,328561409332420,328561426090499,16.758079,0
19,328561426090499,328561442834979,16.74448,0
19,328561442834979,328561459580324,16.745345,0
19,328561459580324,328561476337171,16.756847,0
19,328561476337171,328561493098157,16.760986,0
19,328561493098157,328561509854882,16.756725,0
19,328561509854882,328561526616016,16.761134,0
19,328561526616016,328561543379190,16.763174,0
19,328561543379190,328561560143423,16.764233,0
19,328561560143423,328561576904842,16.761419,0
19,328561576904842,328561593666443,16.761601,0
19,328561593666443,328561610429854,16.763411,0
19,328561610429854,328561627193619,16.763765,0
19,328561627193619,328561643955071,16.761452,0
19,328561643955071,328561660718265,16.763194,0
19,328561660718265,328561677481724,16.763459,0
20,328561677481724,328561694242859,16.761135,0
20,328561694242859,328561711003577,16.760718,0
20,328561711003577,328561727763793,16.760216,0
20,328561727763793,328561744523015,16.759222,0
20,328561744523015,328561761279707,16.756692,0
20,328561761279707,328561778040584,16.760877,0
20,328561778040584,328561794798323,16.757739,0
20,328561794798323,328561811559165,16.760842,0
20,328561811559165,328561828318275,16.75911,0
20,328561828318275,328561845079152,16.760877,0
20,328561845079152,328561861836963,16.757811,0
20,328561861836963,328561878582353,16.74539,0
20,328561878582353,328561895337905,16.755552,0
20,328561895337905,328561912098753,16.760848,0
20,328561912098753,328561928858007,16.759254,0
20,328561928858007,328561945616086,16.758079,0
20,328561945616086,328561962374323,16.758237,0
20,328561962374323,328561979133703,16.75938,0
20,328561979133703,328561995892330,16.758627,0
20,328561995892330,328562012651286,16.758956,0
20,328562012651286,328562029409828,16.758542,0
20,328562029409828,328562046169007,16.759179,0
20,328562046169007,328562062927754,16.758747,0
20,328562062927754,328562079686356,16.758602,0
20,328562079686356,328562096443756,16.7574,0
20,328562096443756,328562113200762,16.757006,0
20,328562113200762,328562129961852,16.76109,0
20,328562129961852,328562146720633,16.758781,0
20,328562146720633,328562163481257,16.760624,0
20,328562163481257,328562180242461,16.761204,0
20,328562180242461,328562197001017,16.758556,0
20,328562197001017,328562213760161,16.759144,0
20,328562213760161,328562230517826,16.757665,0
20,328562230517826,328562247278445,16.760619,0
20,328562247278445,328562264040056,16.761611,0
20,328562264040056,328562280803772,16.763716,0
20,328562280803772,328562297567465,16.763693,0
20,328562297567465,328562314328615,16.76115,0
20,328562314328615,328562331090092,16.761477,0
20,328562331090092,328562347853291,16.763199,0
20,328562347853291,328562364616582,16.763291,0
20,328562364616582,328562381377863,16.761281,0
20,328562381377863,328562398141045,16.763182,0
20,328562398141045,328562414904092,16.763047,0
20,328562414904092,328562431664459,16.760367,0
20,328562431664459,328562448423353,16.758894,0
20,328562448423353,328562465176380,16.753027,0
20,328562465176380,328562481925071,16.748691,0
20,328562481925071,328562498680679,16.755608,0
20,328562498680679,328562515438487,16.757808,0
20,328562515438487,328562532195638,16.757151,0
20,328562532195638,328562548955399,16.759761,0
20,328562548955399,328562565715663,16.760264,0
20,328562565715663,328562582474210,16.758547,0
20,328562582474210,328562599231141,16.756931,0
20,328562599231141,328562615989208,16.758067,0
20,328562615989208,328562632746628,16.75742,0
20,328562632746628,328562649506165,16.759537,0
20,328562649506165,328562666262831,16.756666,0
20,328562666262831,328562683018898,16.756067,0
21,328562683018898,328562699779077,16.760179,0
21,328562699779077,328562716531816,16.752739,0
21,328562716531816,328562733293004,16.761188,0
21,328562733293004,328562750048917,16.755913,0
21,328562750048917,328562766809875,16.760958,0
21,328562766809875,328562783557450,16.747575,0
21,328562783557450,328562800315550,16.7581,0
21,328562800315550,328562817072091,16.756541,0
21,328562817072091,328562833828479,16.756388,0
21,328562833828479,328562850585013,16.756534,0
21,328562850585013,328562867345569,16.760556,0
21,328562867345569,328562884101704,16.756135,0
21,328562884101704,328562900860445,16.758741,0
21,328562900860445,328562917619510,16.759065,0
21,328562917619510,328562934380293,16.760783,0
21,328562934380293,328562951138746,16.758453,0
21,328562951138746,328562967900419,16.761673,0
21,328562967900419,328562984657837,16.757418,0
21,328562984657837,328563001419631,16.761794,0
21,328563001419631,328563018183075,16.763444,0
21,328563018183075,328563034947001,16.763926,0
21,328563034947001,328563051708240,16.761239,0
21,328563051708240,328563068470022,16.761782,0
21,328563068470022,328563085233810,16.763788,0
21,328563085233810,328563101997078,16.763268,0
21,328563101997078,328563118757817,16.760739,0
21,328563118757817,328563135519519,16.761702,0
21,328563135519519,328563152282386,16.762867,0
21,328563152282386,328563169042128,16.759742,0
21,328563169042128,328563185802451,16.760323,0
21,328563185802451,328563202560217,16.757766,0
21,328563202560217,328563219320555,16.760338,0
21,328563219320555,328563236067762,16.747207,0
21,328563236067762,328563252823372,16.75561,0
21,328563252823372,328563269582323,16.758951,0
21,328563269582323,328563286330663,16.74834,0
21,328563286330663,328563303087543,16.75688,0
21,328563303087543,328563319845199,16.757656,0
21,328563319845199,328563336604935,16.759736,0
21,328563336604935,328563353361944,16.757009,0
21,328563353361944,328563370116938,16.754994,0
21,328563370116938,328563386877365,16.760427,0
21,328563386877365,328563403635667,16.758302,0
21,328563403635667,328563420394545,16.758878,0
21,328563420394545,328563437153464,16.758919,0
21,328563437153464,328563453912649,16.759185,0
21,328563453912649,328563470666778,16.754129,0
21,328563470666778,328563487424943,16.758165,0
21,328563487424943,328563504174983,16.75004,0
21,328563504174983,328563520933138,16.758155,0
21,328563520933138,328563537686971,16.753833,0
21,328563537686971,328563554444915,16.757944,0
21,328563554444915,328563571202688,16.757773,0
21,328563571202688,328563587963195,16.760507,0
21,328563587963195,328563604721003,16.757808,0
21,328563604721003,328563621469083,16.74808,0
21,328563621469083,328563638229329,16.760246,0
21,328563638229329,328563654987655,16.758326,0
21,328563654987655,328563671745820,16.758165,0
22,328563671745820,328563688505147,16.759327,0
22,328563688505147,328563705264926,16.759779,0
22,328563705264926,328563722026831,16.761905,0
22,328563722026831,328563738789223,16.762392,0
22,328563738789223,328563755554305,16.765082,0
22,328563755554305,328563772319069,16.764764,0
22,328563772319069,328563789080737,16.761668,0
22,328563789080737,328563805842977,16.76224,0
22,328563805842977,328563822607167,16.76419,0
22,328563822607167,328563839370846,16.763679,0
22,328563839370846,328563856132366,16.76152,0
22,328563856132366,328563872895904,16.763538,0
22,328563872895904,328563889658940,16.763036,0
22,328563889658940,328563906420087,16.761147,0
22,328563906420087,328563923181664,16.761577,0
22,328563923181664,328563939938691,16.757027,0
22,328563939938691,328563956697632,16.758941,0
22,328563956697632,328563973456666,16.759034,0
22,328563973456666,328563990215006,16.75834,0
22,328563990215006,328564006971179,16.756173,0
22,328564006971179,328564023730299,16.75912,0
22,328564023730299,328564040490270,16.759971,0
22,328564040490270,328564057250115,16.759845,0
22,328564057250115,328564074009053,16.758938,0
22,328564074009053,328564090765819,16.756766,0
22,328564090765819,328564107526248,16.760429,0
22,328564107526248,328564124286656,16.760408,0
22,328564124286656,328564141045333,16.758677,0
22,328564141045333,328564157803674,16.758341,0
22,328564157803674,328564174557670,16.753996,0
22,328564174557670,328564191316113,16.758443,0
22,328564191316113,328564208077099,16.760986,0
22,328564208077099,328564224835022,16.757923,0
22,328564224835022,328564241593450,16.758428,0
22,328564241593450,328564258354070,16.76062,0
22,328564258354070,328564275115320,16.76125,0
22,328564275115320,328564291873488,16.758168,0
22,328564291873488,328564308633464,16.759976,0
22,328564308633464,328564325379867,16.746403,0
22,328564325379867,328564342136955,16.757088,0
22,328564342136955,328564358893228,16.756273,0
22,328564358893228,328564375650304,16.757076,0
22,328564375650304,328564392407936,16.757632,0
22,328564392407936,328564409166559,16.758623,0
22,328564409166559,328564425925933,16.759374,0
22,328564425925933,328564442682107,16.756174,0
22,328564442682107,328564459440378,16.758271,0
22,328564459440378,328564476201707,16.761329,0
22,328564476201707,328564492964943,16.763236,0
22,328564492964943,328564509729600,16.764657,0
22,328564509729600,328564526491174,16.761574,0
22,328564526491174,328564543253252,16.762078,0
22,328564543253252,328564560017851,16.764599,0
22,328564560017851,328564576782074,16.764223,0
22,328564576782074,328564593543958,16.761884,0
22,328564593543958,328564610307926,16.763968,0
22,328564610307926,328564627071363,16.763437,0
22,328564627071363,328564643832524,16.761161,0
22,328564643832524,328564660593987,16.761463,0
22,328564660593987,328564677350750,16.756763,0
23,328564677350750,328564694107556,16.756806,0
23,328564694107556,328564710863670,16.756114,0
23,328564710863670,328564727624784,16.761114,0
23,328564727624784,328564744381813,16.757029,0
23,328564744381813,328564761142228,16.760415,0
23,328564761142228,328564777900206,16.757978,0
23,328564777900206,328564794656999,16.756793,0
23,328564794656999,328564811413132,16.756133,0
23,328564811413132,328564828173514,16.760382,0
23,328564828173514,328564844934052,16.760538,0
23,328564844934052,328564861692797,16.758745,0
23,328564861692797,328564878451065,16.758268,0
23,328564878451065,328564895205959,16.754894,0
23,328564895205959,328564911964899,16.75894,0
23,328564911964899,328564928725381,16.760482,0
23,328564928725381,328564945477332,16.751951,0
23,328564945477332,328564962237454,16.760122,0
23,328564962237454,328564978996733,16.759279,0
23,328564978996733,328564995752780,16.756047,0
23,328564995752780,328565012511142,16.758362,0
23,328565012511142,328565029270730,16.759588,0
23,328565029270730,328565046028835,16.758105,0
23,328565046028835,328565062774492,16.745657,0
23,328565062774492,328565079521999,16.747507,0
23,328565079521999,328565096278985,16.756986,0
23,328565096278985,328565113038698,16.759713,0
23,328565113038698,328565129798281,16.759583,0
23,328565129798281,328565146550600,16.752319,0
23,328565146550600,328565163308888,16.758288,0
23,328565163308888,328565180070036,16.761148,0
23,328565180070036,328565196831361,16.761325,0
23,328565196831361,328565213593915,16.762554,0
23,328565213593915,328565230358953,16.765038,0
23,328565230358953,328565247122188,16.763235,0
23,328565247122188,328565263884134,16.761946,0
23,328565263884134,328565280645298,16.761164,0
23,328565280645298,328565297408741,16.763443,0
23,328565297408741,328565314173125,16.764384,0
23,328565314173125,328565330935304,16.762179,0
23,328565330935304,328565347699897,16.764593,0
23,328565347699897,328565364463334,16.763437,0
23,328565364463334,328565381223715,16.760381,0
23,328565381223715,328565397984368,16.760653,0
23,328565397984368,328565414743720,16.759352,0
23,328565414743720,328565431501138,16.757418,0
23,328565431501138,328565448259679,16.758541,0
23,328565448259679,328565465007125,16.747446,0
23,328565465007125,328565481766003,16.758878,0
23,328565481766003,328565498526762,16.760759,0
23,328565498526762,328565515286086,16.759324,0
23,328565515286086,328565532043170,16.757084,0
23,328565532043170,328565548800859,16.757689,0
23,328565548800859,328565565558226,16.757367,0
23,328565565558226,328565582319456,16.76123,0
23,328565582319456,328565599067174,16.747718,0
23,328565599067174,328565615823918,16.756744,0
23,328565615823918,328565632583507,16.759589,0
23,328565632583507,328565649341048,16.757541,0
23,328565649341048,328565666086275,16.745227,0
23,328565666086275,328565682844810,16.758535,0
24,328565682844810,328565699604735,16.759925,0
24,328565699604735,328565716366168,16.761433,0
24,328565716366168,328565733124696,16.758528,0
24,328565733124696,328565749883934,16.759238,0
24,328565749883934,328565766641912,16.757978,0
24,328565766641912,328565783403242,16.76133,0
24,328565783403242,328565800165086,16.761844,0
24,328565800165086,328565816925350,16.760264,0
24,328565816925350,328565833685288,16.759938,0
24,328565833685288,328565850446824,16.761536,0
24,328565850446824,328565867208317,16.761493,0
24,328565867208317,328565883965215,16.756898,0
24,328565883965215,328565900724783,16.759568,0
24,328565900724783,328565917482774,16.757991,0
24,328565917482774,328565934240423,16.757649,0
24,328565934240423,328565951002650,16.762227,0
24,328565951002650,328565967766878,16.764228,0
24,328565967766878,328565984531899,16.765021,0
24,328565984531899,328566001293751,16.761852,0
24,328566001293751,328566018055853,16.762102,0
24,328566018055853,328566034820484,16.764631,0
24,328566034820484,328566051583972,16.763488,0
24,328566051583972,328566068345795,16.761823,0
24,328566068345795,328566085109691,16.763896,0
24,328566085109691,328566101872996,16.763305,0
24,328566101872996,328566118634300,16.761304,0
24,328566118634300,328566135392647,16.758347,0
24,328566135392647,328566152149100,16.756453,0
24,328566152149100,328566168907788,16.758688,0
24,328566168907788,328566185667329,16.759541,0
24,328566185667329,328566202425884,16.758555,0
24,328566202425884,328566219184730,16.758846,0
24,328566219184730,328566235943903,16.759173,0
24,328566235943903,328566252697437,16.753534,0
24,328566252697437,328566269457851,16.760414,0
24,328566269457851,328566286214835,16.756984,0
24,328566286214835,328566302956649,16.741814,0
24,328566302956649,328566319712025,16.755376,0
24,328566319712025,328566336468593,16.756568,0
24,328566336468593,328566353227703,16.75911,0
24,328566353227703,328566369988973,16.76127,0
24,328566369988973,328566386746634,16.757661,0
24,328566386746634,328566403494016,16.747382,0
24,328566403494016,328566420255676,16.76166,0
24,328566420255676,328566437012422,16.756746,0
24,328566437012422,328566453763601,16.751179,0
24,328566453763601,328566470520118,16.756517,0
24,328566470520118,328566487276321,16.756203,0
24,328566487276321,328566504033134,16.756813,0
24,328566504033134,328566520795230,16.762096,0
24,328566520795230,328566537551531,16.756301,0
24,328566537551531,328566554297488,16.745957,0
24,328566554297488,328566571054623,16.757135,0
24,328566571054623,328566587815910,16.761287,0
24,328566587815910,328566604569610,16.7537,0
24,328566604569610,328566621331213,16.761603,0
24,328566621331213,328566638090741,16.759528,0
24,328566638090741,328566654850561,16.75982,0
24,328566654850561,328566671612468,16.761907,0
25,328566671612468,328566688375332,16.762864,0
25,328566688375332,328566705141268,16.765936,0
25,328566705141268,328566721907204,16.765936,0
25,328566721907204,328566738669314,16.76211,0
25,328566738669314,328566755431730,16.762416,0
25,328566755431730,328566772196223,16.764493,0
25,328566772196223,328566788960516,16.764293,0
25,328566788960516,328566805721955,16.761439,0
25,328566805721955,328566822485630,16.763675,0
25,328566822485630,328566839250444,16.764814,0
25,328566839250444,328566856012294,16.76185,0
25,328566856012294,328566872772952,16.760658,0
25,328566872772952,328566889531867,16.758915,0
25,328566889531867,328566906289212,16.757345,0
25,328566906289212,328566923032021,16.742809,0
25,328566923032021,328566939792245,16.760224,0
25,328566939792245,328566956553507,16.761262,0
25,328566956553507,328566973310808,16.757301,0
25,328566973310808,328566990069607,16.758799,0
25,328566990069607,328567006828313,16.758706,0
25,328567006828313,328567023586144,16.757831,0
25,328567023586144,328567040347738,16.761594,0
25,328567040347738,328567057095647,16.747909,0
25,328567057095647,328567073855619,16.759972,0
25,328567073855619,328567090614355,16.758736,0
25,328567090614355,328567107372983,16.758628,0
25,328567107372983,328567124131864,16.758881,0
25,328567124131864,328567140885935,16.754071,0
25,328567140885935,328567157642810,16.756875,0
25,328567157642810,328567174400461,16.757651,0
25,328567174400461,328567191157466,16.757005,0
25,328567191157466,328567207918115,16.760649,0
25,328567207918115,328567224677844,16.759729,0
25,328567224677844,328567241435678,16.757834,0
25,328567241435678,328567258193977,16.758299,0
25,328567258193977,328567274956135,16.762158,0
25,328567274956135,328567291717448,16.761313,0
25,328567291717448,328567308479057,16.761609,0
25,328567308479057,328567325238040,16.758983,0
25,328567325238040,328567341999810,16.76177,0
25,328567341999810,328567358756965,16.757155,0
25,328567358756965,328567375515232,16.758267,0
25,328567375515232,328567392276518,16.761286,0
25,328567392276518,328567409037147,16.760629,0
25,328567409037147,328567425799414,16.762267,0
25,328567425799414,328567442564251,16.764837,0
25,328567442564251,328567459329116,16.764865,0
25,328567459329116,328567476090247,16.761131,0
25,328567476090247,328567492851746,16.761499,0
25,328567492851746,328567509615526,16.76378,0
25,328567509615526,328567526379227,16.763701,0
25,328567526379227,328567543140909,16.761682,0
25,328567543140909,328567559903868,16.762959,0
25,328567559903868,328567576666680,16.762812,0
25,328567576666680,328567593428188,16.761508,0
25,328567593428188,328567610188944,16.760756,0
25,328567610188944,328567626948389,16.759445,0
25,328567626948389,328567643703683,16.755294,0
25,328567643703683,328567660460995,16.757312,0
25,328567660460995,328567677217326,16.756331,0
26,328567677217326,328567693977937,16.760611,0
26,328567693977937,328567710737098,16.759161,0
26,328567710737098,328567727497602,16.760504,0
26,328567727497602,328567744252900,16.755298,0
26,328567744252900,328567761010603,16.757703,0
26,328567761010603,328567777767467,16.756864,0
26,328567777767467,328567794525801,16.758334,0
26,328567794525801,328567811282327,16.756526,0
26,328567811282327,328567828043304,16.760977,0
26,328567828043304,328567844804540,16.761236,0
26,328567844804540,328567861563545,16.759005,0
26,328567861563545,328567878325208,16.761663,0
26,328567878325208,328567895073527,16.748319,0
26,328567895073527,328567911830708,16.757181,0
26,328567911830708,328567928589778,16.75907,0
26,328567928589778,328567945348273,16.758495,0
26,328567945348273,328567962094266,16.745993,0
26,328567962094266,328567978855071,16.760805,0
26,328567978855071,328567995600175,16.745104,0
26,328567995600175,328568012356069,16.755894,0
26,328568012356069,328568029115935,16.759866,0
26,328568029115935,328568045874936,16.759001,0
26,328568045874936,328568062632547,16.757611,0
26,328568062632547,328568079394358,16.761811,0
26,328568079394358,328568096159292,16.764934,0
26,328568096159292,328568112924660,16.765368,0
26,328568112924660,328568129689680,16.76502,0
26,328568129689680,328568146454536,16.764856,0
26,328568146454536,328568163218062,16.763526,0
26,328568163218062,328568179982952,16.76489,0
26,328568179982952,328568196747593,16.764641,0
26,328568196747593,328568213511873,16.76428,0
