Timestamp,CpuTotal,CpuUser,CpuSystem,CpuIow,CpuIrqMemTotal,MemFreePID,Flags,Utime,Stime,Cutime,Cstime,Priority,NumThreads,StartTime,RSS
20181109_083620,,,,,,3731608,63068,19003,1077952832,167,19,0,0,10,30,16577351,77938
20181109_083650,,,,,,3731608,202944,19003,1077952832,6938,194,0,0,10,33,16577351,44366
20181109_083720,,,,,,3731608,199900,19003,1077952832,13704,345,0,0,10,32,16577351,45759
20181109_083750,,,,,,3731608,196316,19003,1077952832,20471,508,0,0,10,32,16577351,45737
20181109_083820,,,,,,3731608,200976,19003,1077952832,27159,684,0,0,10,31,16577351,45245
20181109_083850,,,,,,3731608,196484,19003,1077952832,33831,854,0,0,10,32,16577351,45702
20181109_083920,,,,,,3731608,196676,19003,1077952832,40546,1016,0,0,10,31,16577351,45462
20181109_083950,,,,,,3731608,194812,19003,1077952832,47215,1178,0,0,10,32,16577351,46042
20181109_084020,,,,,,3731608,195964,19003,1077952832,53927,1346,0,0,10,31,16577351,45570
20181109_084050,,,,,,3731608,204544,19003,1077952832,60635,1511,0,0,10,32,16577351,45951
